"Domaine","Specialite","Expertise","Complexite","Tps_Tot","Tps_Xplr","Tps_Xplo","Tps_RI","SW2a","SW2b","Docs","TG_Tot","FOFG","FOFD","SAE","Eleve","Etude","ID_Participant"
"HIST","3EME","expert","TC",5.50782485,4.403172015,5.144326636,5.216755561,3.5,0,4.5,0.028690185,NA,NA,19,"ALE3A","Etude 1",1
"HIST","3EME","expert","TC",5.153317808,4.91352246,4.147552664,4.982230516,4,0,1,0.142389292,NA,NA,45,"ALI3C","Etude 1",2
"HIST","3EME","expert","TC",5.209855347,4.858940026,4.697377571,5.08665875,3,0,2,0.040146938,NA,NA,33,"ANAEL3A","Etude 1",3
"HIST","3EME","expert","TC",5.577591745,4.270306091,4.996023254,5.070859476,2,0.5,1.5,0.040367954,NA,NA,45,"Anna3B","Etude 1",4
"HIST","3EME","expert","TC",4.678682233,3.832572775,3.942057684,4.191786248,1,0,1,0.228545309,NA,NA,45,"CHLOE23","Etude 1",5
"HIST","3EME","expert","TC",4.978833067,4.481471294,4.555251686,4.820956383,1,0,1,0.05569014,NA,NA,39,"EMM23A","Etude 1",6
"HIST","3EME","expert","TC",4.917203446,3.880041462,4.16121822,4.344028572,2.5,0,1,0.275957227,NA,NA,49,"FAT23C","Etude 1",7
"HIST","3EME","expert","TC",5.646339018,4.841340697,5.199511092,5.357378289,3,0,3,0.012633361,NA,NA,49,"LIS3B","Etude 1",8
"HIST","3EME","expert","TC",5.445337162,4.827272322,4.810669282,5.120080134,4.5,0.5,1.5,0.061857264,NA,NA,44,"LUC3A","Etude 1",9
"HIST","3EME","expert","TC",4.664970862,3.966282562,4.00479411,4.286995074,1,0,1,0.197804371,NA,NA,41,"MAE23A","Etude 1",10
"HIST","3EME","expert","TC",5.341083188,4.620916459,4.854433578,5.054214577,2.5,0.5,1.5,0.05592763,NA,NA,40,"MAR3B","Etude 1",11
"HIST","3EME","expert","TC",5.519642953,3.969672126,5.168605013,5.195240796,2,0,2.5,0.027130324,NA,NA,42,"MAT3B","Etude 1",12
"HIST","3EME","expert","TC",4.821847473,3.676327734,3.825101412,4.058084225,1,0,1,0,NA,NA,37,"MATT3B","Etude 1",13
"HIST","3EME","expert","TC",4.867137369,4.100887255,4.003180391,4.355805784,2.5,0,1.5,0.397081451,NA,NA,39,"MEL3B","Etude 1",14
"HIST","3EME","expert","TC",5.568642837,4.633710785,5.236363408,5.333154959,2.5,0.5,2,0.023211146,NA,NA,42,"NICO3A","Etude 1",15
"HIST","3EME","expert","TC",4.91970031,3.794139356,3.913283902,4.158814647,1,0,2,0.244200244,NA,NA,46,"NICO3B","Etude 1",16
"HIST","3EME","expert","TC",5.013296575,4.106275911,4.609759772,4.728256359,3.5,0,2.5,0.098242684,NA,NA,47,"ROM3B","Etude 1",17
"HIST","3EME","expert","TC",5.053191806,4.184748198,4.305534079,4.550356787,2.5,0,1,0.197936512,NA,NA,43,"SAC3B","Etude 1",18
"HIST","3EME","expert","TC",5.536763548,4.762843549,5.287369459,5.400933251,4,0.5,3,0.020639089,NA,NA,47,"STE3A","Etude 1",19
"HIST","3EME","expert","TC",5.509782315,4.936357891,5.216010109,5.399344848,5.5,1,4,0.024324834,NA,NA,44,"TOM3A","Etude 1",20
"HIST","4EME","novice","TC",5.487431107,4.839107073,5.072479671,5.272313964,7,1,3,0.008462922,NA,NA,40,"ADA24A","Etude 1",21
"HIST","4EME","novice","TC",5.821397242,5.156196182,5.59838337,5.732322578,10,2,6.5,0.010085017,NA,NA,43,"APOL4A","Etude 1",22
"HIST","4EME","novice","TC",5.260724724,4.018221845,4.639112795,4.732321371,1,0,1.5,0.022955524,NA,NA,39,"ARI4B","Etude 1",23
"HIST","4EME","novice","TC",5.042666063,3.606058749,3.95206559,4.113676012,1,0,1,0.223338917,NA,NA,40,"armatru","Etude 1",24
"HIST","4EME","novice","TC",5.332791812,4.190485775,5.197381192,5.238151526,3,0.5,2,0.025390941,NA,NA,33,"armel4c","Etude 1",25
"HIST","4EME","novice","TC",5.501872973,4.571038826,5.274829562,5.35321106,4,0,2,0.005310928,NA,NA,44,"BENJI4C","Etude 1",26
"HIST","4EME","novice","TC",5.606292132,5.062181346,5.284787048,5.488623328,10,2,5.5,0.02076218,NA,NA,40,"BOC4C","Etude 1",27
"HIST","4EME","novice","TC",5.741159481,4.092281919,5.489651976,5.50670725,2,0,2,0.006477061,NA,NA,39,"CAM4A","Etude 1",28
"HIST","4EME","novice","TC",5.606466818,4.613170313,5.338673587,5.413543672,5,0.5,2.5,0.013754591,NA,NA,41,"celine4","Etude 1",29
"HIST","4EME","novice","TC",5.166502638,4.451548506,4.808403425,4.966671952,2.5,0,2,0.015545209,NA,NA,44,"Elsaa4a","Etude 1",30
"HIST","4EME","novice","TC",4.678190486,3.497344381,3.801335096,3.976441689,1,0,1,0.316005688,NA,NA,38,"emilie2","Etude 1",31
"HIST","4EME","novice","TC",5.341012886,4.789880244,5.014535239,5.217605003,6.5,0,6,0.03868341,NA,NA,39,"EMMA24C","Etude 1",32
"HIST","4EME","novice","TC",5.246651197,4.667480971,4.844101121,5.065738392,4,0,2.5,0.057274179,NA,NA,45,"JULIEN4","Etude 1",33
"HIST","4EME","novice","TC",5.672451156,5.048435977,4.975932452,5.314725474,7,1,2,0.042279276,NA,NA,43,"LAHCUPE","Etude 1",34
"HIST","4EME","novice","TC",5.618400099,4.939985744,5.228706977,5.40894004,6,0.5,3.5,0.017717983,NA,NA,38,"LOU4C","Etude 1",35
"HIST","4EME","novice","TC",5.207301721,3.860427851,4.722255395,4.778191059,1.5,0,1.5,0.056867726,NA,NA,41,"nina4b","Etude 1",36
"HIST","4EME","novice","TC",5.394582125,4.973531929,5.046112598,5.312366737,3.5,0.5,2.5,0.017985288,NA,NA,35,"SAM4C","Etude 1",37
"HIST","4EME","novice","TC",5.596576755,5.216003507,5.025389848,5.432101438,9.5,3.5,3,0.009432138,NA,NA,45,"VIRG4C","Etude 1",38
"HIST","3EME","expert","TC",5.50782485,4.403172015,5.144326636,5.216755561,3.5,0,4.5,0.028690185,NA,NA,19,"ALE3A","Etude 1",39
"HIST","3EME","expert","TC",5.153317808,4.91352246,4.147552664,4.982230516,4,0,1,0.142389292,NA,NA,45,"ALI3C","Etude 1",40
"HIST","3EME","expert","TC",5.209855347,4.858940026,4.697377571,5.08665875,3,0,2,0.040146938,NA,NA,33,"ANAEL3A","Etude 1",41
"HIST","3EME","expert","TC",5.577591745,4.270306091,4.996023254,5.070859476,2,0.5,1.5,0.040367954,NA,NA,45,"Anna3B","Etude 1",42
"HIST","3EME","expert","TC",4.678682233,3.832572775,3.942057684,4.191786248,1,0,1,0.228545309,NA,NA,45,"CHLOE23","Etude 1",43
"HIST","3EME","expert","TC",4.978833067,4.481471294,4.555251686,4.820956383,1,0,1,0.05569014,NA,NA,39,"EMM23A","Etude 1",44
"HIST","3EME","expert","TC",4.917203446,3.880041462,4.16121822,4.344028572,2.5,0,1,0.275957227,NA,NA,49,"FAT23C","Etude 1",45
"HIST","3EME","expert","TC",5.646339018,4.841340697,5.199511092,5.357378289,3,0,3,0.012633361,NA,NA,49,"LIS3B","Etude 1",46
"HIST","3EME","expert","TC",5.445337162,4.827272322,4.810669282,5.120080134,4.5,0.5,1.5,0.061857264,NA,NA,44,"LUC3A","Etude 1",47
"HIST","3EME","expert","TC",4.664970862,3.966282562,4.00479411,4.286995074,1,0,1,0.197804371,NA,NA,41,"MAE23A","Etude 1",48
"HIST","3EME","expert","TC",5.341083188,4.620916459,4.854433578,5.054214577,2.5,0.5,1.5,0.05592763,NA,NA,40,"MAR3B","Etude 1",49
"HIST","3EME","expert","TC",5.519642953,3.969672126,5.168605013,5.195240796,2,0,2.5,0.027130324,NA,NA,42,"MAT3B","Etude 1",50
"HIST","3EME","expert","TC",4.821847473,3.676327734,3.825101412,4.058084225,1,0,1,0,NA,NA,37,"MATT3B","Etude 1",51
"HIST","3EME","expert","TC",4.867137369,4.100887255,4.003180391,4.355805784,2.5,0,1.5,0.397081451,NA,NA,39,"MEL3B","Etude 1",52
"HIST","3EME","expert","TC",5.568642837,4.633710785,5.236363408,5.333154959,2.5,0.5,2,0.023211146,NA,NA,42,"NICO3A","Etude 1",53
"HIST","3EME","expert","TC",4.91970031,3.794139356,3.913283902,4.158814647,1,0,2,0.244200244,NA,NA,46,"NICO3B","Etude 1",54
"HIST","3EME","expert","TC",5.013296575,4.106275911,4.609759772,4.728256359,3.5,0,2.5,0.098242684,NA,NA,47,"ROM3B","Etude 1",55
"HIST","3EME","expert","TC",5.053191806,4.184748198,4.305534079,4.550356787,2.5,0,1,0.197936512,NA,NA,43,"SAC3B","Etude 1",56
"HIST","3EME","expert","TC",5.536763548,4.762843549,5.287369459,5.400933251,4,0.5,3,0.020639089,NA,NA,47,"STE3A","Etude 1",57
"HIST","3EME","expert","TC",5.509782315,4.936357891,5.216010109,5.399344848,5.5,1,4,0.024324834,NA,NA,44,"TOM3A","Etude 1",58
"HIST","4EME","novice","TC",5.487431107,4.839107073,5.072479671,5.272313964,7,1,3,0.008462922,NA,NA,40,"ADA24A","Etude 1",59
"HIST","4EME","novice","TC",5.821397242,5.156196182,5.59838337,5.732322578,10,2,6.5,0.010085017,NA,NA,43,"APOL4A","Etude 1",60
"HIST","4EME","novice","TC",5.260724724,4.018221845,4.639112795,4.732321371,1,0,1.5,0.022955524,NA,NA,39,"ARI4B","Etude 1",61
"HIST","4EME","novice","TC",5.042666063,3.606058749,3.95206559,4.113676012,1,0,1,0.223338917,NA,NA,40,"armatru","Etude 1",62
"HIST","4EME","novice","TC",5.332791812,4.190485775,5.197381192,5.238151526,3,0.5,2,0.025390941,NA,NA,33,"armel4c","Etude 1",63
"HIST","4EME","novice","TC",5.501872973,4.571038826,5.274829562,5.35321106,4,0,2,0.005310928,NA,NA,44,"BENJI4C","Etude 1",64
"HIST","4EME","novice","TC",5.606292132,5.062181346,5.284787048,5.488623328,10,2,5.5,0.02076218,NA,NA,40,"BOC4C","Etude 1",65
"HIST","4EME","novice","TC",5.741159481,4.092281919,5.489651976,5.50670725,2,0,2,0.006477061,NA,NA,39,"CAM4A","Etude 1",66
"HIST","4EME","novice","TC",5.606466818,4.613170313,5.338673587,5.413543672,5,0.5,2.5,0.013754591,NA,NA,41,"celine4","Etude 1",67
"HIST","4EME","novice","TC",5.166502638,4.451548506,4.808403425,4.966671952,2.5,0,2,0.015545209,NA,NA,44,"Elsaa4a","Etude 1",68
"HIST","4EME","novice","TC",4.678190486,3.497344381,3.801335096,3.976441689,1,0,1,0.316005688,NA,NA,38,"emilie2","Etude 1",69
"HIST","4EME","novice","TC",5.341012886,4.789880244,5.014535239,5.217605003,6.5,0,6,0.03868341,NA,NA,39,"EMMA24C","Etude 1",70
"HIST","4EME","novice","TC",5.246651197,4.667480971,4.844101121,5.065738392,4,0,2.5,0.057274179,NA,NA,45,"JULIEN4","Etude 1",71
"HIST","4EME","novice","TC",5.672451156,5.048435977,4.975932452,5.314725474,7,1,2,0.042279276,NA,NA,43,"LAHCUPE","Etude 1",72
"HIST","4EME","novice","TC",5.618400099,4.939985744,5.228706977,5.40894004,6,0.5,3.5,0.017717983,NA,NA,38,"LOU4C","Etude 1",73
"HIST","4EME","novice","TC",5.207301721,3.860427851,4.722255395,4.778191059,1.5,0,1.5,0.056867726,NA,NA,41,"nina4b","Etude 1",74
"HIST","4EME","novice","TC",5.394582125,4.973531929,5.046112598,5.312366737,3.5,0.5,2.5,0.017985288,NA,NA,35,"SAM4C","Etude 1",75
"HIST","4EME","novice","TC",5.596576755,5.216003507,5.025389848,5.432101438,9.5,3.5,3,0.009432138,NA,NA,45,"VIRG4C","Etude 1",76
"HIST","3EME","expert","TR",5.73000906,4.684288677,5.577614143,5.629862518,4.5,0.5,4.5,0.005289515,NA,NA,19,"ALE3A","Etude 1",77
"HIST","3EME","expert","TR",5.482362558,4.948992128,4.880175969,5.216975654,4.5,1.5,2,0.026354454,NA,NA,45,"ALI3C","Etude 1",78
"HIST","3EME","expert","TR",5.588317656,5.236057106,5.076421967,5.464563315,7,3.5,3,0.03354579,NA,NA,33,"ANAEL3A","Etude 1",79
"HIST","3EME","expert","TR",5.714284483,5.039743186,4.628547291,5.182124931,7,3,3.5,0.047041667,NA,NA,45,"Anna3B","Etude 1",80
"HIST","3EME","expert","TR",5.372056373,4.366759055,5.166433074,5.230369719,2.5,0.5,1.5,0.013633172,NA,NA,45,"CHLOE23","Etude 1",81
"HIST","3EME","expert","TR",5.415877743,4.746859849,5.087167152,5.250556613,2.5,0.5,1.5,0.032725993,NA,NA,39,"EMM23A","Etude 1",82
"HIST","3EME","expert","TR",5.495259108,4.88420609,4.648213595,5.083075999,2,0,1.5,0.044958975,NA,NA,49,"FAT23C","Etude 1",83
"HIST","3EME","expert","TR",5.521121732,4.455461577,4.977741891,5.091823416,3.5,1,1.5,0.021051745,NA,NA,49,"LIS3B","Etude 1",84
"HIST","3EME","expert","TR",6.110426567,5.601491236,5.848812083,6.043554229,10.5,5,5.5,0.005665626,NA,NA,44,"LUC3A","Etude 1",85
"HIST","3EME","expert","TR",5.290291771,4.727813622,4.954039791,5.156523408,3.5,1,2.5,0.022232597,NA,NA,41,"MAE23A","Etude 1",86
"HIST","3EME","expert","TR",5.511242806,3.95017006,4.74868408,4.812779707,2,0,1,0.035673516,NA,NA,40,"MAR3B","Etude 1",87
"HIST","3EME","expert","TR",5.307245658,3.490800952,4.923536732,4.939282073,1,0,1,0,NA,NA,42,"MAT3B","Etude 1",88
"HIST","3EME","expert","TR",5.435853122,4.727451786,4.687738478,5.009078909,2,0.5,1.5,0.041047954,NA,NA,37,"MATT3B","Etude 1",89
"HIST","3EME","expert","TR",5.61280663,3.895477796,4.934447949,4.972438904,1,0,2,0.023258518,NA,NA,39,"MEL3B","Etude 1",90
"HIST","3EME","expert","TR",5.635233855,4.892953989,4.990381039,5.245423826,2.5,0.5,2,0.020447912,NA,NA,42,"NICO3A","Etude 1",91
"HIST","3EME","expert","TR",5.469724105,4.683299252,5.174764637,5.296161512,4,0.5,4.5,0.013374124,NA,NA,46,"NICO3B","Etude 1",92
"HIST","3EME","expert","TR",5.490055447,4.96381143,4.832751539,5.204236684,3,1,2,0.029395338,NA,NA,47,"ROM3B","Etude 1",93
"HIST","3EME","expert","TR",5.197214375,4.417255738,4.473618333,4.74738073,2,0,2,0.067206559,NA,NA,43,"SAC3B","Etude 1",94
"HIST","3EME","expert","TR",5.500992126,4.631037697,5.195204779,5.299962492,3.5,0,2.5,0,NA,NA,47,"STE3A","Etude 1",95
"HIST","3EME","expert","TR",5.603107007,4.36240707,5.284873827,5.333915576,1.5,0.5,4,0.020758031,NA,NA,44,"TOM3A","Etude 1",96
"HIST","4EME","novice","TR",5.649407884,4.319116474,5.224719482,5.275593497,1.5,0,1.5,0.01192094,NA,NA,40,"ADA24A","Etude 1",97
"HIST","4EME","novice","TR",6.112462727,5.368054331,5.744720807,5.897034067,9.5,3.5,6,0.007200111,NA,NA,43,"APOL4A","Etude 1",98
"HIST","4EME","novice","TR",5.531780264,4.915486896,5.253123471,5.4173521,4,1.5,4,0.011166229,NA,NA,39,"ARI4B","Etude 1",99
"HIST","4EME","novice","TR",5.765698351,4.909962322,5.378707611,5.505755532,3,0,2,0,NA,NA,40,"armatru","Etude 1",100
"HIST","4EME","novice","TR",5.548754146,5.201055564,4.893040112,5.374830799,6.5,2.5,3.5,0.025585263,NA,NA,33,"armel4c","Etude 1",101
"HIST","4EME","novice","TR",5.871661362,5.441744609,5.465883786,5.755011886,7,1.5,5,0.006841419,NA,NA,44,"BENJI4C","Etude 1",102
"HIST","4EME","novice","TR",5.994705072,5.339182036,5.648191628,5.821639279,8,2,4,0.002248062,NA,NA,40,"BOC4C","Etude 1",103
"HIST","4EME","novice","TR",5.784866103,4.898747115,5.038640029,5.27533209,3,1,3,0.018297425,NA,NA,39,"CAM4A","Etude 1",104
"HIST","4EME","novice","TR",5.711327554,5.069917726,4.43807537,5.161032418,2.5,0.5,1.5,0.07293813,NA,NA,41,"celine4","Etude 1",105
"HIST","4EME","novice","TR",5.37560418,4.457851631,4.839540893,4.990374378,2,0,1.5,0,NA,NA,44,"Elsaa4a","Etude 1",106
"HIST","4EME","novice","TR",4.785984343,3.616528025,3.556121507,3.888404168,1,0,1,0.555787134,NA,NA,38,"emilie2","Etude 1",107
"HIST","4EME","novice","TR",5.562782211,5.238456355,5.025230062,5.445829853,6.5,2.5,4,0.018871218,NA,NA,39,"EMMA24C","Etude 1",108
"HIST","4EME","novice","TR",5.357858648,4.260476858,4.834722634,4.937339825,1.5,0,1,0.029262226,NA,NA,45,"JULIEN4","Etude 1",109
"HIST","4EME","novice","TR",5.720702865,4.602927713,4.381322698,4.807139112,1.5,0,1.5,0,NA,NA,43,"LAHCUPE","Etude 1",110
"HIST","4EME","novice","TR",5.894036229,5.243729887,5.38148421,5.619076105,8,3,7,0,NA,NA,38,"LOU4C","Etude 1",111
"HIST","4EME","novice","TR",5.675163114,4.863019343,5.113368367,5.307018694,3,1,3,0.015404997,NA,NA,41,"nina4b","Etude 1",112
"HIST","4EME","novice","TR",5.743486638,5.073643213,5.518286863,5.65157552,11,5,6,0.006063776,NA,NA,35,"SAM4C","Etude 1",113
"HIST","4EME","novice","TR",6.085467721,5.677796231,5.746732254,6.014660591,13,4.5,9,0.00358342,NA,NA,45,"VIRG4C","Etude 1",114
"HIST","3EME","expert","TR",5.73000906,4.684288677,5.577614143,5.629862518,4.5,0.5,4.5,0.005289515,NA,NA,19,"ALE3A","Etude 1",115
"HIST","3EME","expert","TR",5.482362558,4.948992128,4.880175969,5.216975654,4.5,1.5,2,0.026354454,NA,NA,45,"ALI3C","Etude 1",116
"HIST","3EME","expert","TR",5.588317656,5.236057106,5.076421967,5.464563315,7,3.5,3,0.03354579,NA,NA,33,"ANAEL3A","Etude 1",117
"HIST","3EME","expert","TR",5.714284483,5.039743186,4.628547291,5.182124931,7,3,3.5,0.047041667,NA,NA,45,"Anna3B","Etude 1",118
"HIST","3EME","expert","TR",5.372056373,4.366759055,5.166433074,5.230369719,2.5,0.5,1.5,0.013633172,NA,NA,45,"CHLOE23","Etude 1",119
"HIST","3EME","expert","TR",5.415877743,4.746859849,5.087167152,5.250556613,2.5,0.5,1.5,0.032725993,NA,NA,39,"EMM23A","Etude 1",120
"HIST","3EME","expert","TR",5.495259108,4.88420609,4.648213595,5.083075999,2,0,1.5,0.044958975,NA,NA,49,"FAT23C","Etude 1",121
"HIST","3EME","expert","TR",5.521121732,4.455461577,4.977741891,5.091823416,3.5,1,1.5,0.021051745,NA,NA,49,"LIS3B","Etude 1",122
"HIST","3EME","expert","TR",6.110426567,5.601491236,5.848812083,6.043554229,10.5,5,5.5,0.005665626,NA,NA,44,"LUC3A","Etude 1",123
"HIST","3EME","expert","TR",5.290291771,4.727813622,4.954039791,5.156523408,3.5,1,2.5,0.022232597,NA,NA,41,"MAE23A","Etude 1",124
"HIST","3EME","expert","TR",5.511242806,3.95017006,4.74868408,4.812779707,2,0,1,0.035673516,NA,NA,40,"MAR3B","Etude 1",125
"HIST","3EME","expert","TR",5.307245658,3.490800952,4.923536732,4.939282073,1,0,1,0,NA,NA,42,"MAT3B","Etude 1",126
"HIST","3EME","expert","TR",5.435853122,4.727451786,4.687738478,5.009078909,2,0.5,1.5,0.041047954,NA,NA,37,"MATT3B","Etude 1",127
"HIST","3EME","expert","TR",5.61280663,3.895477796,4.934447949,4.972438904,1,0,2,0.023258518,NA,NA,39,"MEL3B","Etude 1",128
"HIST","3EME","expert","TR",5.635233855,4.892953989,4.990381039,5.245423826,2.5,0.5,2,0.020447912,NA,NA,42,"NICO3A","Etude 1",129
"HIST","3EME","expert","TR",5.469724105,4.683299252,5.174764637,5.296161512,4,0.5,4.5,0.013374124,NA,NA,46,"NICO3B","Etude 1",130
"HIST","3EME","expert","TR",5.490055447,4.96381143,4.832751539,5.204236684,3,1,2,0.029395338,NA,NA,47,"ROM3B","Etude 1",131
"HIST","3EME","expert","TR",5.197214375,4.417255738,4.473618333,4.74738073,2,0,2,0.067206559,NA,NA,43,"SAC3B","Etude 1",132
"HIST","3EME","expert","TR",5.500992126,4.631037697,5.195204779,5.299962492,3.5,0,2.5,0,NA,NA,47,"STE3A","Etude 1",133
"HIST","3EME","expert","TR",5.603107007,4.36240707,5.284873827,5.333915576,1.5,0.5,4,0.020758031,NA,NA,44,"TOM3A","Etude 1",134
"HIST","4EME","novice","TR",5.649407884,4.319116474,5.224719482,5.275593497,1.5,0,1.5,0.01192094,NA,NA,40,"ADA24A","Etude 1",135
"HIST","4EME","novice","TR",6.112462727,5.368054331,5.744720807,5.897034067,9.5,3.5,6,0.007200111,NA,NA,43,"APOL4A","Etude 1",136
"HIST","4EME","novice","TR",5.531780264,4.915486896,5.253123471,5.4173521,4,1.5,4,0.011166229,NA,NA,39,"ARI4B","Etude 1",137
"HIST","4EME","novice","TR",5.765698351,4.909962322,5.378707611,5.505755532,3,0,2,0,NA,NA,40,"armatru","Etude 1",138
"HIST","4EME","novice","TR",5.548754146,5.201055564,4.893040112,5.374830799,6.5,2.5,3.5,0.025585263,NA,NA,33,"armel4c","Etude 1",139
"HIST","4EME","novice","TR",5.871661362,5.441744609,5.465883786,5.755011886,7,1.5,5,0.006841419,NA,NA,44,"BENJI4C","Etude 1",140
"HIST","4EME","novice","TR",5.994705072,5.339182036,5.648191628,5.821639279,8,2,4,0.002248062,NA,NA,40,"BOC4C","Etude 1",141
"HIST","4EME","novice","TR",5.784866103,4.898747115,5.038640029,5.27533209,3,1,3,0.018297425,NA,NA,39,"CAM4A","Etude 1",142
"HIST","4EME","novice","TR",5.711327554,5.069917726,4.43807537,5.161032418,2.5,0.5,1.5,0.07293813,NA,NA,41,"celine4","Etude 1",143
"HIST","4EME","novice","TR",5.37560418,4.457851631,4.839540893,4.990374378,2,0,1.5,0,NA,NA,44,"Elsaa4a","Etude 1",144
"HIST","4EME","novice","TR",4.785984343,3.616528025,3.556121507,3.888404168,1,0,1,0.555787134,NA,NA,38,"emilie2","Etude 1",145
"HIST","4EME","novice","TR",5.562782211,5.238456355,5.025230062,5.445829853,6.5,2.5,4,0.018871218,NA,NA,39,"EMMA24C","Etude 1",146
"HIST","4EME","novice","TR",5.357858648,4.260476858,4.834722634,4.937339825,1.5,0,1,0.029262226,NA,NA,45,"JULIEN4","Etude 1",147
"HIST","4EME","novice","TR",5.720702865,4.602927713,4.381322698,4.807139112,1.5,0,1.5,0,NA,NA,43,"LAHCUPE","Etude 1",148
"HIST","4EME","novice","TR",5.894036229,5.243729887,5.38148421,5.619076105,8,3,7,0,NA,NA,38,"LOU4C","Etude 1",149
"HIST","4EME","novice","TR",5.675163114,4.863019343,5.113368367,5.307018694,3,1,3,0.015404997,NA,NA,41,"nina4b","Etude 1",150
"HIST","4EME","novice","TR",5.743486638,5.073643213,5.518286863,5.65157552,11,5,6,0.006063776,NA,NA,35,"SAM4C","Etude 1",151
"HIST","4EME","novice","TR",6.085467721,5.677796231,5.746732254,6.014660591,13,4.5,9,0.00358342,NA,NA,45,"VIRG4C","Etude 1",152
"HIST","3EME","expert","TI",5.735651587,5.265169365,5.451873899,5.669508411,9.5,2.5,7,0.014131429,NA,NA,19,"ALE3A","Etude 1",153
"HIST","3EME","expert","TI",5.850205898,5.438841268,5.546949008,5.797280355,9.5,1.5,6.5,0.011353009,NA,NA,45,"ALI3C","Etude 1",154
"HIST","3EME","expert","TI",5.690650522,5.206226622,5.438230557,5.638570118,5.5,1,4.5,0.014582414,NA,NA,33,"ANAEL3A","Etude 1",155
"HIST","3EME","expert","TI",5.603482687,4.173055086,5.321731991,5.351525755,4,0,3,0.019069004,NA,NA,45,"Anna3B","Etude 1",156
"HIST","3EME","expert","TI",5.648596125,4.717183521,5.247568227,5.359790913,6.5,1,4,0.022619956,NA,NA,45,"CHLOE23","Etude 1",157
"HIST","3EME","expert","TI",5.780766139,5.432225064,5.432510716,5.733397909,6,0.5,5,0.014775741,NA,NA,39,"EMM23A","Etude 1",158
"HIST","3EME","expert","TI",5.649750453,5.286790932,5.273618111,5.581284459,6,0.5,4,0.021303055,NA,NA,49,"FAT23C","Etude 1",159
"HIST","3EME","expert","TI",5.718265378,5.070986733,5.369575764,5.546482204,6,2,4,0.017079857,NA,NA,49,"LIS3B","Etude 1",160
"HIST","3EME","expert","TI",5.727465208,5.221982492,5.428257935,5.638283542,7,3,4,0.014921142,NA,NA,44,"LUC3A","Etude 1",161
"HIST","3EME","expert","TI",5.72354679,5.145589487,5.472226784,5.639948926,10,2.5,4.5,0.010113337,NA,NA,41,"MAE23A","Etude 1",162
"HIST","3EME","expert","TI",5.691495688,5.294688828,5.362838586,5.631129096,8.5,2.5,5.5,0.017346881,NA,NA,40,"MAR3B","Etude 1",163
"HIST","3EME","expert","TI",5.44475814,4.296270198,5.193832534,5.245602725,3,0,3,0.025599263,NA,NA,42,"MAT3B","Etude 1",164
"HIST","3EME","expert","TI",5.623929669,5.022236546,5.145777356,5.389415068,4,0,2.5,0.028594508,NA,NA,37,"MATT3B","Etude 1",165
"HIST","3EME","expert","TI",5.8982753,5.038850559,5.572796117,5.684210505,5,0.5,4.5,0.010697046,NA,NA,39,"MEL3B","Etude 1",166
"HIST","3EME","expert","TI",5.808333882,5.157727174,5.587300604,5.724623166,4,0,3.5,0.010345688,NA,NA,42,"NICO3A","Etude 1",167
"HIST","3EME","expert","TI",5.764755055,5.112462559,5.551704888,5.686427561,7,1,5,0.011229363,NA,NA,46,"NICO3B","Etude 1",168
"HIST","3EME","expert","TI",5.79589322,5.29157973,5.357308669,5.62671649,9,2.5,6,0.017569173,NA,NA,47,"ROM3B","Etude 1",169
"HIST","3EME","expert","TI",5.688106002,4.986471654,5.423167202,5.558570582,5,0,4.5,0.015097074,NA,NA,43,"SAC3B","Etude 1",170
"HIST","3EME","expert","TI",5.923897042,5.453231167,5.650822639,5.864198597,15,2.5,11,0.006703454,NA,NA,47,"STE3A","Etude 1",171
"HIST","3EME","expert","TI",5.967795472,5.161397953,5.828089914,5.912820195,6.5,0,7,0.005942512,NA,NA,44,"TOM3A","Etude 1",172
"HIST","4EME","novice","TI",5.595664286,4.821415261,5.297075164,5.422379699,5.5,0.5,4,0.00504574,NA,NA,40,"ADA24A","Etude 1",173
"HIST","4EME","novice","TI",5.77380253,5.370901505,5.365501088,5.669239686,11,3.5,7,0.017240859,NA,NA,43,"APOL4A","Etude 1",174
"HIST","4EME","novice","TI",5.688855233,4.993760177,5.493617658,5.612982951,8,1,6,0.006418187,NA,NA,39,"ARI4B","Etude 1",175
"HIST","4EME","novice","TI",5.528957815,5.249469859,4.445432942,5.312811826,4,0,3,0,NA,NA,40,"armatru","Etude 1",176
"HIST","4EME","novice","TI",5.737165996,4.957468406,5.41953446,5.548286207,5,0,4.5,0.007611943,NA,NA,33,"armel4c","Etude 1",177
"HIST","4EME","novice","TI",5.880199432,5.320237707,5.602023618,5.78462478,5,0.5,4,0.010000838,NA,NA,44,"BENJI4C","Etude 1",178
"HIST","4EME","novice","TI",5.814459363,4.851343976,5.685948091,5.74526573,8,1,5.5,0.004121752,NA,NA,40,"BOC4C","Etude 1",179
"HIST","4EME","novice","TI",5.826314571,5.198137272,5.438251139,5.635611403,8.5,2.5,6,0.010936292,NA,NA,39,"CAM4A","Etude 1",180
"HIST","4EME","novice","TI",5.828846397,4.784449675,5.499915852,5.576390882,6,0,4.5,0.009488671,NA,NA,41,"celine4","Etude 1",181
"HIST","4EME","novice","TI",5.494592148,4.799202656,5.157527785,5.31534783,4.5,0,4,0.020873413,NA,NA,44,"Elsaa4a","Etude 1",182
"HIST","4EME","novice","TI",5.298182567,4.612910949,4.863501301,5.057064825,3,0,3,0.041079009,NA,NA,38,"emilie2","Etude 1",183
"HIST","4EME","novice","TI",5.969607621,5.123817353,5.726418286,5.823220164,9,0,7.5,0.007510031,NA,NA,39,"EMMA24C","Etude 1",184
"HIST","4EME","novice","TI",5.920793043,4.902886364,5.722077126,5.783393269,5.5,0.5,4.5,0.005689107,NA,NA,45,"JULIEN4","Etude 1",185
"HIST","4EME","novice","TI",5.623571789,4.746260452,4.966195723,5.171034248,2,0,2,0.010809467,NA,NA,43,"LAHCUPE","Etude 1",186
"HIST","4EME","novice","TI",5.876525261,5.331916994,5.460341469,5.701889054,8.5,1,5,0.003464643,NA,NA,38,"LOU4C","Etude 1",187
"HIST","4EME","novice","TI",5.707639998,4.521249259,5.509831323,5.552274496,3.5,0,3,0.012365984,NA,NA,41,"nina4b","Etude 1",188
"HIST","4EME","novice","TI",5.748473327,4.685105501,5.563006781,5.617031286,6,1.5,6,0.005470452,NA,NA,35,"SAM4C","Etude 1",189
"HIST","4EME","novice","TI",5.901587991,5.352422761,5.630428384,5.81433085,8,0.5,6.5,0.007025753,NA,NA,45,"VIRG4C","Etude 1",190
"HIST","3EME","expert","TI",5.735651587,5.265169365,5.451873899,5.669508411,9.5,2.5,7,0.014131429,NA,NA,19,"ALE3A","Etude 1",191
"HIST","3EME","expert","TI",5.850205898,5.438841268,5.546949008,5.797280355,9.5,1.5,6.5,0.011353009,NA,NA,45,"ALI3C","Etude 1",192
"HIST","3EME","expert","TI",5.690650522,5.206226622,5.438230557,5.638570118,5.5,1,4.5,0.014582414,NA,NA,33,"ANAEL3A","Etude 1",193
"HIST","3EME","expert","TI",5.603482687,4.173055086,5.321731991,5.351525755,4,0,3,0.019069004,NA,NA,45,"Anna3B","Etude 1",194
"HIST","3EME","expert","TI",5.648596125,4.717183521,5.247568227,5.359790913,6.5,1,4,0.022619956,NA,NA,45,"CHLOE23","Etude 1",195
"HIST","3EME","expert","TI",5.780766139,5.432225064,5.432510716,5.733397909,6,0.5,5,0.014775741,NA,NA,39,"EMM23A","Etude 1",196
"HIST","3EME","expert","TI",5.649750453,5.286790932,5.273618111,5.581284459,6,0.5,4,0.021303055,NA,NA,49,"FAT23C","Etude 1",197
"HIST","3EME","expert","TI",5.718265378,5.070986733,5.369575764,5.546482204,6,2,4,0.017079857,NA,NA,49,"LIS3B","Etude 1",198
"HIST","3EME","expert","TI",5.727465208,5.221982492,5.428257935,5.638283542,7,3,4,0.014921142,NA,NA,44,"LUC3A","Etude 1",199
"HIST","3EME","expert","TI",5.72354679,5.145589487,5.472226784,5.639948926,10,2.5,4.5,0.010113337,NA,NA,41,"MAE23A","Etude 1",200
"HIST","3EME","expert","TI",5.691495688,5.294688828,5.362838586,5.631129096,8.5,2.5,5.5,0.017346881,NA,NA,40,"MAR3B","Etude 1",201
"HIST","3EME","expert","TI",5.44475814,4.296270198,5.193832534,5.245602725,3,0,3,0.025599263,NA,NA,42,"MAT3B","Etude 1",202
"HIST","3EME","expert","TI",5.623929669,5.022236546,5.145777356,5.389415068,4,0,2.5,0.028594508,NA,NA,37,"MATT3B","Etude 1",203
"HIST","3EME","expert","TI",5.8982753,5.038850559,5.572796117,5.684210505,5,0.5,4.5,0.010697046,NA,NA,39,"MEL3B","Etude 1",204
"HIST","3EME","expert","TI",5.808333882,5.157727174,5.587300604,5.724623166,4,0,3.5,0.010345688,NA,NA,42,"NICO3A","Etude 1",205
"HIST","3EME","expert","TI",5.764755055,5.112462559,5.551704888,5.686427561,7,1,5,0.011229363,NA,NA,46,"NICO3B","Etude 1",206
"HIST","3EME","expert","TI",5.79589322,5.29157973,5.357308669,5.62671649,9,2.5,6,0.017569173,NA,NA,47,"ROM3B","Etude 1",207
"HIST","3EME","expert","TI",5.688106002,4.986471654,5.423167202,5.558570582,5,0,4.5,0.015097074,NA,NA,43,"SAC3B","Etude 1",208
"HIST","3EME","expert","TI",5.923897042,5.453231167,5.650822639,5.864198597,15,2.5,11,0.006703454,NA,NA,47,"STE3A","Etude 1",209
"HIST","3EME","expert","TI",5.967795472,5.161397953,5.828089914,5.912820195,6.5,0,7,0.005942512,NA,NA,44,"TOM3A","Etude 1",210
"HIST","4EME","novice","TI",5.595664286,4.821415261,5.297075164,5.422379699,5.5,0.5,4,0.00504574,NA,NA,40,"ADA24A","Etude 1",211
"HIST","4EME","novice","TI",5.77380253,5.370901505,5.365501088,5.669239686,11,3.5,7,0.017240859,NA,NA,43,"APOL4A","Etude 1",212
"HIST","4EME","novice","TI",5.688855233,4.993760177,5.493617658,5.612982951,8,1,6,0.006418187,NA,NA,39,"ARI4B","Etude 1",213
"HIST","4EME","novice","TI",5.528957815,5.249469859,4.445432942,5.312811826,4,0,3,0,NA,NA,40,"armatru","Etude 1",214
"HIST","4EME","novice","TI",5.737165996,4.957468406,5.41953446,5.548286207,5,0,4.5,0.007611943,NA,NA,33,"armel4c","Etude 1",215
"HIST","4EME","novice","TI",5.880199432,5.320237707,5.602023618,5.78462478,5,0.5,4,0.010000838,NA,NA,44,"BENJI4C","Etude 1",216
"HIST","4EME","novice","TI",5.814459363,4.851343976,5.685948091,5.74526573,8,1,5.5,0.004121752,NA,NA,40,"BOC4C","Etude 1",217
"HIST","4EME","novice","TI",5.826314571,5.198137272,5.438251139,5.635611403,8.5,2.5,6,0.010936292,NA,NA,39,"CAM4A","Etude 1",218
"HIST","4EME","novice","TI",5.828846397,4.784449675,5.499915852,5.576390882,6,0,4.5,0.009488671,NA,NA,41,"celine4","Etude 1",219
"HIST","4EME","novice","TI",5.494592148,4.799202656,5.157527785,5.31534783,4.5,0,4,0.020873413,NA,NA,44,"Elsaa4a","Etude 1",220
"HIST","4EME","novice","TI",5.298182567,4.612910949,4.863501301,5.057064825,3,0,3,0.041079009,NA,NA,38,"emilie2","Etude 1",221
"HIST","4EME","novice","TI",5.969607621,5.123817353,5.726418286,5.823220164,9,0,7.5,0.007510031,NA,NA,39,"EMMA24C","Etude 1",222
"HIST","4EME","novice","TI",5.920793043,4.902886364,5.722077126,5.783393269,5.5,0.5,4.5,0.005689107,NA,NA,45,"JULIEN4","Etude 1",223
"HIST","4EME","novice","TI",5.623571789,4.746260452,4.966195723,5.171034248,2,0,2,0.010809467,NA,NA,43,"LAHCUPE","Etude 1",224
"HIST","4EME","novice","TI",5.876525261,5.331916994,5.460341469,5.701889054,8.5,1,5,0.003464643,NA,NA,38,"LOU4C","Etude 1",225
"HIST","4EME","novice","TI",5.707639998,4.521249259,5.509831323,5.552274496,3.5,0,3,0.012365984,NA,NA,41,"nina4b","Etude 1",226
"HIST","4EME","novice","TI",5.748473327,4.685105501,5.563006781,5.617031286,6,1.5,6,0.005470452,NA,NA,35,"SAM4C","Etude 1",227
"HIST","4EME","novice","TI",5.901587991,5.352422761,5.630428384,5.81433085,8,0.5,6.5,0.007025753,NA,NA,45,"VIRG4C","Etude 1",228
"BIOAP","ELEC","novice","TC",4.878768745,4.387941244,4.180498623,4.721645766,0,1,1,0.131987065,5,5,38,"2405_J1sn","Etude 2",1
"BIOAP","ELEC","novice","TC",5.125458493,4.071219018,4.589100278,4.795295933,0,0,1,0,1,3,33,"2405_AJ1SN","Etude 2",2
"BIOAP","ELEC","novice","TC",5.33444973,3.776701184,4.826172022,4.982723388,0,0,1,0,7,3,38,"2405_L1SN","Etude 2",3
"BIOAP","ELEC","novice","TC",5.089802705,4.060886623,4.809660702,5.023635129,0,0,1,0.015500271,4,4,29,"2405_LV1SN","Etude 2",4
"BIOAP","ELEC","novice","TC",5.155694259,3.731185708,4.609124648,4.788323954,0,0,1,0.024596616,4,6,36,"2505_AGTCI","Etude 2",5
"BIOAP","ELEC","novice","TC",5.221479442,3.377124042,4.251686878,4.617084255,0,0,1,0.112032265,3,2,33,"2505_DGTCI_2","Etude 2",6
"BIOAP","ELEC","novice","TC",4.844744256,4.262617182,4.452215914,4.754623506,1,0,1,0.035300762,2,7,36,"3105_TB1TCI","Etude 2",7
"BIOAP","ELEC","novice","TC",4.811822912,3.503245771,4.329784199,4.735638815,0,1,1,0.093593523,2,2,38,"0106_VQ1ASSP","Etude 2",8
"BIOAP","ELEC","novice","TC",4.85883184,3.575303333,4.064233296,4.706768973,0,0,1,0.172503019,2,1,38,"0106_TCV1ASSP","Etude 2",9
"BIOAP","ELEC","novice","TC",4.841515888,3.487703863,4.346978534,4.634588097,0,0,1,0.089960417,1,1,34,"0106_LM1ASSP","Etude 2",10
"BIOAP","ASSP","expert","TC",4.872447648,3.584896344,4.328705712,4.690204943,0,0,1,0.093826234,1,1,30,"0106_CB1ASSP","Etude 2",11
"BIOAP","ELEC","novice","TC",5.336885814,3.776919003,5.132025825,5.266431624,0,0,1,0.014757207,1,1,31,"0106_CE1ASSP","Etude 2",12
"BIOAP","ELEC","novice","TC",5.150962029,3.846213364,4.931274757,5.048810681,0,0,1,0.01171454,3,5,32,"0806_JA1ASSP","Etude 2",13
"BIOAP","ELEC","novice","TC",5.217996898,4.191395117,4.862250675,5.071458548,1,0,2,0,4,3,36,"0806_AD1ASSP","Etude 2",14
"BIOAP","ASSP","expert","TC",4.962558736,3.552546548,4.27223624,4.719198658,0,0,1,0.053427365,2,2,34,"2405_ACTASSP","Etude 2",15
"BIOAP","ASSP","expert","TC",5.333958856,3.838534271,5.061456249,5.143289662,0,0,1,0.01736096,3,1,33,"2405_JBTASSP_2","Etude 2",16
"BIOAP","ASSP","expert","TC",5.033488091,3.917085191,4.709753184,4.940496563,0,0,1,0.01950953,2,1,37,"2505_mttassp","Etude 2",17
"BIOAP","ASSP","expert","TC",4.815398415,3.738939031,4.387318625,4.689042339,0,0,1,0.040990326,1,2,35,"2505_LCTASSP","Etude 2",18
"BIOAP","ASSP","expert","TC",5.045893838,3.97602884,4.809606845,4.965516838,0,0,1,0.031004387,2,4,33,"2505_NCTASSP","Etude 2",19
"BIOAP","ASSP","expert","TC",5.273318481,4.223392092,5.115477374,5.221294236,0,0,1,0.007665185,4,2,27,"3105_EMTASSP","Etude 2",20
"BIOAP","ASSP","expert","TC",5.457345886,4.225851811,5.113849802,5.21164373,0,1,1,0.01538793,1,1,29,"3105_LTTASSP","Etude 2",21
"BIOAP","ELEC","novice","TC",5.133050052,4.598210331,4.629083246,4.932996024,1,1,2,0.04698365,3,5,35,"0806_JR1ASSP","Etude 2",22
"BIOAP","ASSP","expert","TC",5.391702389,4.09805504,5.293548168,5.338231319,0,1,1,0.010173768,1,2,34,"0806_LP1ASSP","Etude 2",23
"BIOAP","ELEC","novice","TC",4.841759788,3.267640982,3.398981067,4.09509958,0,0,1,0.798084597,7,2,38,"1106_mm1assp","Etude 2",24
"BIOAP","ASSP","expert","TC",5.646642865,4.025756315,5.167960913,5.248395088,0,0,1,0.013585295,4,1,34,"2405_CBRTASSP","Etude 2",25
"BIOAP","ASSP","expert","TC",5.134084627,3.51851394,4.777579053,4.879187663,0,0,1,0.03337728,1,1,33,"2405_CBTASSP","Etude 2",26
"BIOAP","ASSP","expert","TC",5.365916452,3.825101412,5.103139803,5.1963586,0,0,1,0.015772124,2,1,35,"2505_NRTASSP","Etude 2",27
"BIOAP","ELEC","novice","TC",5.071348012,4.042181595,4.882114525,5.021685352,0,0,1,0.026237078,4,6,37,"3105_LP1TCI","Etude 2",28
"BIOAP","ELEC","novice","TC",5.116521408,4.289611246,4.7178036,4.969816471,0,0,1,0.019151218,2,5,32,"3105_MR1TCI","Etude 2",29
"BIOAP","ELEC","novice","TC",4.681105499,3.24674471,3.863857962,4.227758196,0,0,1,0.136817622,2,1,38,"2405_J1sn","Etude 2",30
"BIOAP","ELEC","novice","TC",5.243425019,3.980003372,4.960218595,5.03825843,0,0,3,0.021918529,7,7,33,"2405_AJ1SN","Etude 2",31
"BIOAP","ELEC","novice","TC",5.448537824,4.445448514,4.751032626,5.002977714,0,0,1,0.035481124,6,3,38,"2405_L1SN","Etude 2",32
"BIOAP","ELEC","novice","TC",5.203030166,4.327644964,4.846596869,5.051877671,0,0,1,0.028472993,3,3,29,"2405_LV1SN","Etude 2",33
"BIOAP","ELEC","novice","TC",5.150897601,3.788380515,4.878579238,4.96640927,0,0,1,0.013225764,2,5,36,"2505_AGTCI","Etude 2",34
"BIOAP","ELEC","novice","TC",5.375590463,4.057323705,5.044441759,5.150418694,2,0,3,0.018054615,2,5,33,"2505_DGTCI_2","Etude 2",35
"BIOAP","ELEC","novice","TC",5.124676995,3.77524626,4.812050593,5.036321427,0,0,1,0,3,2,36,"3105_TB1TCI","Etude 2",36
"BIOAP","ELEC","novice","TC",4.592520947,3.861414919,4.030316306,4.431653197,0,0,1,0,2,2,38,"0106_VQ1ASSP","Etude 2",37
"BIOAP","ELEC","novice","TC",5.01841337,3.851869601,4.588372564,4.971048434,0,0,1,0,2,1,38,"0106_TCV1ASSP","Etude 2",38
"BIOAP","ELEC","novice","TC",4.609551725,3.290257269,4.043205039,4.280692164,0,0,1,0,1,1,34,"0106_LM1ASSP","Etude 2",39
"BIOAP","ASSP","expert","TC",5.064948166,4.184123354,4.502290528,4.799230238,0,0,1,0.031456433,2,2,30,"0106_CB1ASSP","Etude 2",40
"BIOAP","ELEC","novice","TC",4.71092087,3.3232521,3.933234129,4.44196207,0,0,1,0,2,1,31,"0106_CE1ASSP","Etude 2",41
"BIOAP","ELEC","novice","TC",5.030458037,4.024239306,4.816956799,4.935532456,0,0,1,0,3,3,32,"0806_JA1ASSP","Etude 2",42
"BIOAP","ELEC","novice","TC",4.980625944,4.424146306,4.597289216,4.902008334,0,0,1,0.050552284,5,5,36,"0806_AD1ASSP","Etude 2",43
"BIOAP","ASSP","expert","TC",4.884614134,3.57634135,4.231112629,4.469822016,1,0,2,0,1,1,34,"2405_ACTASSP","Etude 2",44
"BIOAP","ASSP","expert","TC",NA,NA,NA,NA,NA,NA,NA,NA,3,1,33,"2405_JBTASSP_2","Etude 2",45
"BIOAP","ASSP","expert","TC",4.62978664,3.390758529,4.024362504,4.365806101,0,0,1,0,2,2,37,"2505_mttassp","Etude 2",46
"BIOAP","ASSP","expert","TC",4.951458949,4.198821978,4.539226695,4.802253628,0,0,1,0.057783428,1,1,35,"2505_LCTASSP","Etude 2",47
"BIOAP","ASSP","expert","TC",4.940117867,3.991270389,4.702921425,4.85468247,0,0,1,0.039637711,3,2,33,"2505_NCTASSP","Etude 2",48
"BIOAP","ASSP","expert","TC",5.385354202,4.517380665,4.907658537,5.265037275,0,0,1,0.012369196,1,1,27,"3105_EMTASSP","Etude 2",49
"BIOAP","ASSP","expert","TC",5.207758203,3.508798965,4.872540847,5.105080787,0,0,1,0.013410938,3,3,29,"3105_LTTASSP","Etude 2",50
"BIOAP","ELEC","novice","TC",5.27235688,4.290390809,4.563267445,4.873390362,0,0,1,0,3,4,35,"0806_JR1ASSP","Etude 2",51
"BIOAP","ASSP","expert","TC",5.331277444,4.00877045,5.26250567,5.31252643,0,0,1,0.010927588,1,1,34,"0806_LP1ASSP","Etude 2",52
"BIOAP","ELEC","novice","TC",5.015175267,4.014184398,4.161427901,4.640053889,0,0,1,0,2,1,38,"1106_mm1assp","Etude 2",53
"BIOAP","ASSP","expert","TC",5.728592375,5.260348103,5.304063779,5.598039414,1,0,2,0.004965194,3,1,34,"2405_CBRTASSP","Etude 2",54
"BIOAP","ASSP","expert","TC",5.021693615,3.415974411,4.646021222,4.742615169,0,0,1,0,2,1,33,"2405_CBTASSP","Etude 2",55
"BIOAP","ASSP","expert","TC",5.007696581,3.664547962,4.631737934,4.766851382,0,0,1,0.046697331,1,1,35,"2505_NRTASSP","Etude 2",56
"BIOAP","ELEC","novice","TC",5.275951381,4.160378481,4.967884798,5.22217782,0,0,1,0.021535016,3,2,37,"3105_LP1TCI","Etude 2",57
"BIOAP","ELEC","novice","TC",5.315029405,4.527887566,5.032163278,5.181740717,0,0,1,0.018572344,2,2,32,"3105_MR1TCI","Etude 2",58
"BIOAP","ELEC","novice","TC",4.80176033,3.398113692,4.408409578,4.634295856,0,0,1,0.078094494,9,7,38,"2405_J1sn","Etude 2",59
"BIOAP","ELEC","novice","TC",5.410595044,4.73867752,5.069412772,5.260750933,3,3,5,0.017045794,4,7,33,"2405_AJ1SN","Etude 2",60
"BIOAP","ELEC","novice","TC",5.297081738,3.744449457,4.872535022,5.004308474,0,0,1,0.013411118,6,3,38,"2405_L1SN","Etude 2",61
"BIOAP","ELEC","novice","TC",5.469064653,5.058126015,5.150381834,5.455520919,3,3,3,0,3,2,29,"2405_LV1SN","Etude 2",62
"BIOAP","ELEC","novice","TC",5.428118589,4.932570151,5.092548717,5.349652394,2,2,3,0.016161486,3,4,36,"2505_AGTCI","Etude 2",63
"BIOAP","ELEC","novice","TC",5.519749263,4.794153309,5.244962048,5.410809277,2,2,2,0.011378053,3,3,33,"2505_DGTCI_2","Etude 2",64
"BIOAP","ELEC","novice","TC",5.190244831,3.584444307,5.084533383,5.159353603,0,0,1,0.016462531,1,1,36,"3105_TB1TCI","Etude 2",65
"BIOAP","ELEC","novice","TC",4.696950188,4.065019214,4.120475217,4.596553114,0,0,1,0.151549595,2,2,38,"0106_VQ1ASSP","Etude 2",66
"BIOAP","ELEC","novice","TC",4.851808514,3.871981354,4.508731669,4.797350651,0,0,1,0.061986673,1,1,38,"0106_TCV1ASSP","Etude 2",67
"BIOAP","ELEC","novice","TC",5.320412184,4.188168859,5.128021035,5.21426617,1,1,1,0,2,1,34,"0106_LM1ASSP","Etude 2",68
"BIOAP","ASSP","expert","TC",5.029050826,3.864985461,4.612455364,4.94732587,1,1,3,0.048817399,3,3,30,"0106_CB1ASSP","Etude 2",69
"BIOAP","ELEC","novice","TC",5.262104465,4.47476971,5.057137175,5.232945313,2,2,4,0.017534477,2,2,31,"0106_CE1ASSP","Etude 2",70
"BIOAP","ELEC","novice","TC",5.367765791,4.962421429,4.948349382,5.310742154,5,5,5,0.02252582,4,5,32,"0806_JA1ASSP","Etude 2",71
"BIOAP","ELEC","novice","TC",5.465022773,5.00343468,5.008259415,5.344543563,1,1,2,0.009811617,2,1,36,"0806_AD1ASSP","Etude 2",72
"BIOAP","ASSP","expert","TC",5.146844031,4.60022121,4.751725489,5.052847783,1,1,2,0.035424563,1,2,34,"2405_ACTASSP","Etude 2",73
"BIOAP","ASSP","expert","TC",5.063307083,3.858897957,4.736707171,4.891096807,0,0,1,0.036671006,4,2,33,"2405_JBTASSP_2","Etude 2",74
"BIOAP","ASSP","expert","TC",4.839327181,4.111800007,4.480926328,4.754203037,2,2,3,0.066085118,2,3,37,"2505_mttassp","Etude 2",75
"BIOAP","ASSP","expert","TC",5.252007882,4.654975063,4.831409011,5.160477535,1,1,2,0.029486348,2,3,35,"2505_LCTASSP","Etude 2",76
"BIOAP","ASSP","expert","TC",4.894133222,4.280145681,4.352394788,4.738518952,0,0,1,0.088845453,1,1,33,"2505_NCTASSP","Etude 2",77
"BIOAP","ASSP","expert","TC",5.108730728,4.551230355,4.796934939,5.030559245,1,1,3,0.031922365,3,2,27,"3105_EMTASSP","Etude 2",78
"BIOAP","ASSP","expert","TC",4.891810548,3.669130847,4.284001868,4.506220822,0,0,1,0.103998752,2,2,29,"3105_LTTASSP","Etude 2",79
"BIOAP","ELEC","novice","TC",5.439256883,4.915943023,5.057121944,5.33164186,0,0,1,0.017535092,4,3,35,"0806_JR1ASSP","Etude 2",80
"BIOAP","ASSP","expert","TC",5.004454652,4.039215766,4.705521613,4.899596187,0,0,2,0.039401103,2,2,34,"0806_LP1ASSP","Etude 2",81
"BIOAP","ELEC","novice","TC",4.70871826,3.651374944,4.079325987,4.583198774,0,0,1,0.083305565,2,1,38,"1106_mm1assp","Etude 2",82
"BIOAP","ASSP","expert","TC",5.268713668,4.527178619,4.832962131,5.110838769,1,1,3,0.029381087,5,5,34,"2405_CBRTASSP","Etude 2",83
"BIOAP","ASSP","expert","TC",NA,NA,NA,NA,NA,NA,NA,NA,2,1,33,"2405_CBTASSP","Etude 2",84
"BIOAP","ASSP","expert","TC",5.056157527,3.784545974,4.644428741,4.848102866,1,1,2,0.045352502,1,1,35,"2505_NRTASSP","Etude 2",85
"BIOAP","ELEC","novice","TC",5.28367203,4.683010996,5.026921219,5.229018506,2,2,2,0.009398938,4,4,37,"3105_LP1TCI","Etude 2",86
"BIOAP","ELEC","novice","TC",4.828266663,3.546295835,4.152869054,4.548045286,0,0,1,0.140656868,3,2,32,"3105_MR1TCI","Etude 2",87
"SVT","SES","novice","TC",5.552447,5.00686,4.62711,5.158263,4,0,2,0.023598820058997,3,4,39,"albofes","Etude 3",1
"SVT","S","expert","TC",4.872646,3.36903,4.09237,4.167583,0,0,1,0.0808407437348424,1,1,51,"algohs","Etude 3",2
"SVT","SES","novice","TC",5.620967,3.908592,4.720134,4.782465,0,0,1,0,1,1,49,"alhehes","Etude 3",3
"SVT","S","expert","TC",5.785499,4.709533,5.045585,5.210313,1,0,1,0.00900357441904436,2,3,47,"aljahs","Etude 3",4
"SVT","SES","novice","TC",5.406029,3.875119,4.655523,4.722148,0,0,1,0,1,2,43,"amtafes","Etude 3",5
"SVT","S","expert","TC",5.224274,3.770778,4.513218,4.585449,0,0,1,0,1,1,52,"Anmihs","Etude 3",6
"SVT","SES","novice","TC",5.383277,3.869349,4.850836,4.893945,0,0,1,0.0140982081177482,1,1,35,"ayrehes","Etude 3",7
"SVT","SES","novice","TC",5.477152,4.586069,5.012276,5.150514,4,0,4,0.00972129059853986,6,4,49,"bakafes","Etude 3",8
"SVT","SES","novice","TC",5.451324,4.537744,4.176843,4.694781,0,1,2,0.0665513110608279,3,2,47,"camefes","Etude 3",9
"SVT","SES","novice","TC",5.570426,4.330434,4.877953,4.986333,0,0,1,0.0132448576840042,3,4,38,"chfofes","Etude 3",10
"SVT","S","expert","TC",5.033814,3.593286,4.408257,4.470131,0,0,1,0,1,1,52,"cofrhs","Etude 3",11
"SVT","SES","novice","TC",NA,NA,NA,NA,NA,NA,4,NA,6,3,36,"DADEHES","Etude 3",12
"SVT","SES","novice","TC",5.695927,3.992819,3.992819,4.293849,0,0,2,0,2,1,44,"dedjfes","Etude 3",13
"SVT","S","expert","TC",5.137841,3.261739,4.169792,4.220396,0,0,1,0,3,2,48,"emhufs","Etude 3",14
"SVT","S","expert","TC",5.346159,3.623146,4.610681,4.653222,0,0,2,0.0245086025194843,1,2,49,"enjahs","Etude 3",15
"SVT","S","expert","TC",5.913527,4.965442,5.390407,5.528984,1,4,5,0,3,2,44,"ervifs","Etude 3",16
"SVT","S","expert","TC",5.579669,4.593253,4.711014,4.957143,3,0,3,0.0194529821421624,1,4,50,"fajahs","Etude 3",17
"SVT","S","expert","TC",5.41263,4.229272,4.358163,4.599512,0,0,1,0.0438365772400491,3,3,47,"fesahs","Etude 3",18
"SVT","S","expert","TC",5.30363,3.882468,4.170965,4.351274,0,0,1,0.0674581759309228,2,1,45,"gabahs","Etude 3",19
"SVT","SES","novice","TC",5.462226,3.799409,3.930083,4.170672,0,0,1,0.117467402795724,2,2,36,"gagohes","Etude 3",20
"SVT","SES","novice","TC",5.425536,4.243088,5.019528,5.086719,2,1,3,0.00956032084436754,3,3,49,"inmofes","Etude 3",21
"SVT","SES","novice","TC",5.529981,4.134496,5.063697,5.112025,0,0,1,0.00863580230921354,4,3,43,"jagufes","Etude 3",22
"SVT","SES","novice","TC",5.452398,3.778151,5.221414,5.236789,0,0,1,0.00600600600600601,2,2,42,"jarufes","Etude 3",23
"SVT","SES","novice","TC",5.836387,3.770852,5.258874,5.272767,0,0,1,0.00550967222959906,7,5,33,"jugufes","Etude 3",24
"SVT","S","expert","TC",5.667501,4.747272,5.274059,5.387103,3,0,3,0,1,1,50,"lagifs","Etude 3",25
"SVT","S","expert","TC",5.524522,4.07562,5.095856,5.135448,1,0,1,0,1,1,45,"leyafs","Etude 3",26
"SVT","S","expert","TC",5.291367,4.423229,4.217484,4.633458,0,1,1,0.0606060606060606,1,2,50,"lobrfs","Etude 3",27
"SVT","S","expert","TC",5.454007,4.076568,4.836438,4.906044,0,0,1,0.0145734355416946,1,2,50,"macofs","Etude 3",28
"SVT","SES","novice","TC",5.510141,4.290057,4.919078,5.010728,0,0,1,0.0120481927710843,3,5,35,"madefes","Etude 3",29
"SVT","S","expert","TC",5.358751,4.373353,4.529174,4.759245,0,0,1,0.0295683027794205,1,1,46,"magofs","Etude 3",30
"SVT","SES","novice","TC",5.343411,4.178948,4.832669,4.919726,0,0,1,0.0147004777655274,3,5,44,"masahes","Etude 3",31
"SVT","S","expert","TC",5.785301,4.237041,5.361998,5.393405,1,1,2,0.00869024910599062,3,3,47,"matohs","Etude 3",32
"SVT","SES","novice","TC",5.978363,4.32224,5.476107,5.505558,1,0,2,0.00334112930170398,5,8,40,"mebohes","Etude 3",33
"SVT","S","expert","TC",5.91499,4.772879,5.513368,5.585899,3,0,4,0.00306642176178196,3,5,47,"mekafs","Etude 3",34
"SVT","SES","novice","TC",5.662746,4.033343,5.345423,5.366092,1,0,2,0.00451416318699921,2,3,48,"nidehes","Etude 3",35
"SVT","S","expert","TC",5.942363,4.572314,5.463926,5.516369,3,0,4,0.00343616633794009,1,4,48,"pocohs","Etude 3",36
"SVT","S","expert","TC",5.555099,3.84186,4.259379,4.400002,0,0,1,0.0550327444829674,3,3,48,"quhehs","Etude 3",37
"SVT","SES","novice","TC",5.487133,4.138082,4.767964,4.859451,0,0,1,0.0170622259379959,3,3,42,"saalfes","Etude 3",38
"SVT","SES","novice","TC",5.310908,4.408274,4.720977,4.893212,1,0,2,0.0190117682845681,5,5,46,"sosafes","Etude 3",39
"SVT","SES","novice","TC",5.473069,4.592787,4.92697,5.092289,1,0,1,0.0118312392039942,3,2,41,"temahes","Etude 3",40
"SVT","SES","novice","TC",5.226285,3.845036,4.45486,4.550228,0,0,1,0.0350864881933967,2,1,44,"thadhes","Etude 3",41
"SVT","S","expert","TC",5.501204,4.148263,4.406472,4.597311,1,0,2,0.0392218387197992,2,2,33,"yalafs","Etude 3",42
"SVT","SES","novice","TC",5.28822,3.684576,4.917274,4.941973,0,0,1,0.012098335269067,2,3,39,"albofes","Etude 3",43
"SVT","S","expert","TC",5.219587,3.917925,4.587206,4.671478,1,0,2,0.0258698745311085,1,1,51,"algohs","Etude 3",44
"SVT","SES","novice","TC",5.465976,4.464862,4.652575,4.869812,0,0,1,0.0222548626874972,1,1,49,"alhehes","Etude 3",45
"SVT","S","expert","TC",5.504202,3.74484,4.079181,4.24445,0,0,1,0.166666666666667,3,5,47,"aljahs","Etude 3",46
"SVT","SES","novice","TC",4.805508,3.653213,4.021189,4.176091,0,0,1,0.0952380952380952,1,1,43,"amtafes","Etude 3",47
"SVT","S","expert","TC",4.900367,3.777934,4.17612,4.322178,0,0,1,0,1,1,52,"Anmihs","Etude 3",48
"SVT","SES","novice","TC",5.21272,3.954098,4.918041,4.962838,2,0,2,0.0120770029709427,1,1,35,"ayrehes","Etude 3",49
"SVT","SES","novice","TC",5.104081,4.300269,4.442542,4.678236,1,0,2,0.0360958706323997,1,1,49,"bakafes","Etude 3",50
"SVT","SES","novice","TC",5.514545,4.193013,4.608066,4.749373,1,1,3,0.0246566560643046,1,1,47,"camefes","Etude 3",51
"SVT","SES","novice","TC",5.301462,3.568202,4.866287,4.887617,0,0,1,0,1,2,38,"chfofes","Etude 3",52
"SVT","S","expert","TC",4.941988,3.778224,4.161308,4.311733,1,1,2,0.068975031038764,1,1,52,"cofrhs","Etude 3",53
"SVT","SES","novice","TC",5.248956,4.290012,4.649354,4.806865,1,0,2,0.022420519259226,2,3,36,"DADEHES","Etude 3",54
"SVT","SES","novice","TC",5.253096,3.974281,4.158242,4.37696,0,0,1,0.0694637399277577,1,2,44,"dedjfes","Etude 3",55
"SVT","S","expert","TC",5.289212,3.330211,4.329561,4.371012,0,0,1,0.0468208633767207,1,1,48,"emhufs","Etude 3",56
"SVT","S","expert","TC",5.202758,3.778224,4.28999,4.406523,0,0,1,0.0512873115191302,1,1,49,"enjahs","Etude 3",57
"SVT","S","expert","TC",5.342028,3.770115,4.21643,4.349278,0,0,1,0.121506682867558,1,1,44,"ervifs","Etude 3",58
"SVT","S","expert","TC",5.053075,3.947336,4.582529,4.673012,1,0,2,0.0261499437776209,1,3,50,"fajahs","Etude 3",59
"SVT","S","expert","TC",5.225563,3.447623,4.514787,4.550485,0,0,1,0.0611284308331805,2,2,47,"fesahs","Etude 3",60
"SVT","S","expert","TC",5.088841,4.457625,3.875119,4.558517,0,0,1,0.13331555792561,1,1,45,"gabahs","Etude 3",61
"SVT","SES","novice","TC",5.175222,3.960661,4.217458,4.408799,0,1,1,0.0606097339232681,2,2,36,"gagohes","Etude 3",62
"SVT","SES","novice","TC",4.983171,3.398461,4.638489,4.662786,1,0,2,0.0229885057471264,2,1,49,"inmofes","Etude 3",63
"SVT","SES","novice","TC",5.32305,3.802705,4.377051,4.479647,1,0,2,0.0419709560983799,2,2,43,"jagufes","Etude 3",64
"SVT","SES","novice","TC",5.193125,3.653309,4.916449,4.939519,0,0,1,0.0121213590467763,1,2,42,"jarufes","Etude 3",65
"SVT","SES","novice","TC",5.587374,4.205177,5.158965,5.40962,2,0,2,0.013869625520111,8,2,33,"jugufes","Etude 3",66
"SVT","S","expert","TC",5.437432,4.123067,4.891677,4.96,1,0,2,0.0256657042027591,1,1,50,"lagifs","Etude 3",67
"SVT","S","expert","TC",4.778158,3.175512,4.079217,4.130302,0,0,1,0.0833263894675444,1,2,45,"leyafs","Etude 3",68
"SVT","S","expert","TC",4.964731,4.260143,4.176091,4.521177,0,0,1,0.0666666666666667,1,1,50,"lobrfs","Etude 3",69
"SVT","S","expert","TC",5.537756,4.224015,5.154883,5.203036,1,0,2,0.0140006020258871,1,2,50,"macofs","Etude 3",70
"SVT","SES","novice","TC",5.277153,4.212161,4.530187,4.700686,0,0,1,0.0294993952623971,2,2,35,"madefes","Etude 3",71
"SVT","S","expert","TC",5.183828,3.690993,4.522679,4.58237,0,0,1,0.0600276127018428,2,1,46,"magofs","Etude 3",72
"SVT","SES","novice","TC",4.940516,3.617525,3.862191,4.057894,1,0,1,0.137343771459964,3,1,44,"masahes","Etude 3",73
"SVT","S","expert","TC",5.031623,3.097951,3.779019,3.861236,0,0,1,0.166333998669328,2,1,47,"matohs","Etude 3",74
"SVT","SES","novice","TC",5.451519,3.665112,5.092029,5.107983,0,0,2,0.0161808370346998,7,8,40,"mebohes","Etude 3",75
"SVT","S","expert","TC",5.322837,4.805997,3.706035,4.839195,0,0,1,0.393545848091303,1,1,47,"mekafs","Etude 3",76
"SVT","SES","novice","TC",5.378396,4.130334,5.067435,5.114938,0,0,1,0.0171235808832343,1,3,48,"nidehes","Etude 3",77
"SVT","S","expert","TC",5.238796,4.260024,4.579978,4.749852,1,0,2,0.0263040218849462,1,4,48,"pocohs","Etude 3",78
"SVT","S","expert","TC",5.453665,3.691612,4.50225,4.564702,0,0,1,0.0314594016421808,2,2,48,"quhehs","Etude 3",79
"SVT","SES","novice","TC",5.134814,3.778224,4.352144,4.45483,1,0,2,0.0444483954129256,3,2,42,"saalfes","Etude 3",80
"SVT","SES","novice","TC",5.11594,4.406625,4.583278,4.804902,1,0,2,0.0261048894457932,2,1,46,"sosafes","Etude 3",81
"SVT","SES","novice","TC",5.333044,4.049063,4.860356,4.92272,2,0,3,0.0137925327227839,3,2,41,"temahes","Etude 3",82
"SVT","SES","novice","TC",5.396903,3.875119,4.577492,4.656108,0,0,1,0.0529100529100529,1,1,44,"thadhes","Etude 3",83
"SVT","S","expert","TC",4.954893,3.226858,3.635283,3.778441,0,0,1,0.231588698471515,1,1,33,"yalafs","Etude 3",84
"SVT","SES","novice","TR",5.45862,4.870427,4.650696,5.075343,2,1,3,0.0223513634331694,3,4,39,"albofes","Etude 3",85
"SVT","S","expert","TR",5.3803,4.460161,5.157448,5.23691,2,1,3,0.0139181750488876,1,2,51,"algohs","Etude 3",86
"SVT","SES","novice","TR",5.572057,4.168262,4.840464,4.924222,2,0,4,0,2,2,49,"alhehes","Etude 3",87
"SVT","S","expert","TR",5.610516,4.273001,4.876045,4.972758,0,0,3,0.0133031794598909,4,5,47,"aljahs","Etude 3",88
"SVT","SES","novice","TR",5.256958,3.954243,5.110593,5.139882,1,0,2,0.00775187789241944,1,1,43,"amtafes","Etude 3",89
"SVT","S","expert","TR",5.120574,3.778151,4.518514,4.591065,0,0,1,0.0303030303030303,2,3,52,"Anmihs","Etude 3",90
"SVT","SES","novice","TR",5.360783,4.848189,4.380229,4.975436,1,0,2,0.0416649306278905,1,1,35,"ayrehes","Etude 3",91
"SVT","SES","novice","TR",5.286133,4.621861,4.778672,5.008336,2,0,3,0.0332933812758024,5,5,49,"bakafes","Etude 3",92
"SVT","SES","novice","TR",5.535671,4.582052,5.059738,5.184535,0,1,1,0,2,1,47,"camefes","Etude 3",93
"SVT","SES","novice","TR",5.334452,4.021024,4.961435,5.008596,1,0,2,0,6,8,38,"chfofes","Etude 3",94
"SVT","S","expert","TR",5.290035,3.892095,4.755867,4.811568,0,0,2,0.0175441674415341,2,2,52,"cofrhs","Etude 3",95
"SVT","SES","novice","TR",5.108558,3.851136,4.281874,4.418881,1,0,2,0.104509588754768,3,3,36,"DADEHES","Etude 3",96
"SVT","SES","novice","TR",5.463146,4.712658,NA,NA,1,0,1,NA,3,5,44,"dedjfes","Etude 3",97
"SVT","S","expert","TR",5.436062,4.188872,4.8203,4.911493,1,0,2,0.030250321409665,2,5,48,"emhufs","Etude 3",98
"SVT","S","expert","TR",5.303848,4.161398,4.477078,4.64834,1,0,1,0.0333366670000333,1,1,49,"enjahs","Etude 3",99
"SVT","S","expert","TR",5.85309,4.850805,5.62322,5.690991,3,2,4,0.00476222224338765,2,1,44,"ervifs","Etude 3",100
"SVT","S","expert","TR",5.64365,4.440925,5.285553,5.343604,0,1,2,0.0103628016870641,1,4,50,"fajahs","Etude 3",101
"SVT","S","expert","TR",5.3656,4.022263,4.700297,4.783038,0,0,1,0,3,1,47,"fesahs","Etude 3",102
"SVT","S","expert","TR",5.134496,4.152288,4.264723,4.513164,0,1,1,0.108719286801479,2,4,45,"gabahs","Etude 3",103
"SVT","SES","novice","TR",5.497622,3.875466,5.237586,5.256054,0,0,1,0.00578646776648131,4,4,36,"gagohes","Etude 3",104
"SVT","SES","novice","TR",5.18041,3.477266,4.609605,4.640501,0,0,4,0,3,4,49,"inmofes","Etude 3",105
"SVT","SES","novice","TR",5.213518,4.444045,4.397992,4.722659,0,0,1,0,3,3,43,"jagufes","Etude 3",106
"SVT","SES","novice","TR",5.195349,4.646394,4.866293,5.071145,1,1,2,0.0272105141426647,3,4,42,"jarufes","Etude 3",107
"SVT","SES","novice","TR",5.791199,5.014516,5.441533,5.57955,5,3,5,0,8,2,33,"jugufes","Etude 3",108
"SVT","S","expert","TR",5.59562,3.69223,4.928816,4.953301,0,0,1,0.0117810607667114,1,1,50,"lagifs","Etude 3",109
"SVT","S","expert","TR",5.119249,4.11391,4.819524,4.897605,0,1,1,0.0151522038880555,1,1,45,"leyafs","Etude 3",110
"SVT","S","expert","TR",5.440438,4.363593,4.90849,5.017451,0,0,1,0.0123455265984371,1,1,50,"lobrfs","Etude 3",111
"SVT","S","expert","TR",5.787346,4.080518,5.449176,5.467373,0,0,1,0.00355487301993573,2,2,50,"macofs","Etude 3",112
"SVT","SES","novice","TR",5.745698,4.532742,5.161652,5.253323,3,1,5,0.0137840725042214,3,6,35,"madefes","Etude 3",113
"SVT","S","expert","TR",5.386522,4.477353,4.732064,4.92415,1,1,2,0.018532589558739,1,1,46,"magofs","Etude 3",114
"SVT","SES","novice","TR",5.439179,3.477266,5.046815,5.058361,2,0,1,0,2,4,44,"masahes","Etude 3",115
"SVT","S","expert","TR",5.667259,4.998408,5.238104,5.435617,3,2,6,0.00577957843754877,3,4,47,"matohs","Etude 3",116
"SVT","SES","novice","TR",NA,NA,NA,NA,NA,NA,NA,NA,3,5,40,"mebohes","Etude 3",117
"SVT","S","expert","TR",5.751723,4.547861,5.208049,5.293939,2,2,3,0,1,2,47,"mekafs","Etude 3",118
"SVT","SES","novice","TR",5.576111,4.964745,5.137348,5.360595,1,1,2,0,2,4,48,"nidehes","Etude 3",119
"SVT","S","expert","TR",5.643355,4.953272,5.211916,5.4026,5,0,6,0.0122776215791477,1,5,48,"pocohs","Etude 3",120
"SVT","S","expert","TR",6.23794,5.032325,5.504377,5.630589,9,1,11,0.0031305665386265,3,2,48,"quhehs","Etude 3",121
"SVT","SES","novice","TR",4.68576,3.477121,4.255297,4.32224,0,0,1,0,7,9,42,"saalfes","Etude 3",122
"SVT","SES","novice","TR",5.395849,4.30963,4.919089,5.014529,0,2,1,0,3,5,46,"sosafes","Etude 3",123
"SVT","SES","novice","TR",5.656097,5.14755,5.381721,5.581261,6,5,9,0,5,5,41,"temahes","Etude 3",124
"SVT","SES","novice","TR",5.63567,4.079181,5.07985,5.121182,0,0,1,0,3,3,44,"thadhes","Etude 3",125
"SVT","S","expert","TR",5.51643,4.404646,4.744058,4.907728,2,1,4,0.0360555255092843,1,1,33,"yalafs","Etude 3",126
"SVT","SES","novice","TR",5.276747,4.986355,4.661519,5.154655,2,0,3,0,3,4,39,"albofes","Etude 3",127
"SVT","S","expert","TR",5.760498,4.957234,5.532466,5.634876,3,2,4,0,2,2,51,"algohs","Etude 3",128
"SVT","SES","novice","TR",5.512418,4.521295,4.983622,5.112307,3,1,4,0,1,1,49,"alhehes","Etude 3",129
"SVT","S","expert","TR",5.951046,3.892095,5.543268,5.552858,1,0,2,0.00286240969097425,5,7,47,"aljahs","Etude 3",130
"SVT","SES","novice","TR",5.396722,4.269513,5.113609,5.171726,1,0,2,0,1,2,43,"amtafes","Etude 3",131
"SVT","S","expert","TR",5.180413,3.653502,4.352105,4.431348,0,0,1,0,3,5,52,"Anmihs","Etude 3",132
"SVT","SES","novice","TR",5.57206,5.078109,4.906313,5.301681,2,1,3,0,1,1,35,"ayrehes","Etude 3",133
"SVT","SES","novice","TR",5.57831,5.056855,5.020146,5.339918,4,0,6,0,5,4,49,"bakafes","Etude 3",134
"SVT","SES","novice","TR",5.368103,4.523278,4.958095,5.094003,1,0,3,0,6,3,47,"camefes","Etude 3",135
"SVT","SES","novice","TR",5.415978,4.991226,4.089905,5.042576,0,0,1,0.0813008130081301,6,8,38,"chfofes","Etude 3",136
"SVT","S","expert","TR",5.264818,4.344314,4.857332,4.973571,0,0,1,0,2,3,52,"cofrhs","Etude 3",137
"SVT","SES","novice","TR",5.510198,4.818206,5.006894,5.223748,1,2,2,0,5,5,36,"DADEHES","Etude 3",138
"SVT","SES","novice","TR",5.67706,4.380139,4.079254,4.556278,0,0,3,0,4,3,44,"dedjfes","Etude 3",139
"SVT","S","expert","TR",5.332162,4.033705,4.739636,4.817665,1,0,2,0,4,5,48,"emhufs","Etude 3",140
"SVT","S","expert","TR",5.648653,4.602809,5.147766,5.256713,2,3,4,0,1,2,49,"enjahs","Etude 3",141
"SVT","S","expert","TR",5.870754,4.409341,5.113409,5.191744,1,2,2,0.0154035736290819,6,5,44,"ervifs","Etude 3",142
"SVT","S","expert","TR",5.370143,3.778151,4.946943,4.975432,1,0,2,0,1,6,50,"fajahs","Etude 3",143
"SVT","S","expert","TR",5.595986,5.016373,5.125465,5.375365,5,2,6,0,2,4,47,"fesahs","Etude 3",144
"SVT","S","expert","TR",5.552791,4.898665,5.20688,5.380589,3,2,4,0,4,5,45,"gabahs","Etude 3",145
"SVT","SES","novice","TR",5.999896,5.256646,5.448303,5.663992,3,1,4,0,3,3,36,"gagohes","Etude 3",146
"SVT","SES","novice","TR",5.439175,4.849364,5.095344,5.290571,3,1,5,0,3,4,49,"inmofes","Etude 3",147
"SVT","SES","novice","TR",5.884115,4.782981,5.577523,5.642166,1,1,2,0,4,5,43,"jagufes","Etude 3",148
"SVT","SES","novice","TR",5.098986,4.142921,4.848177,4.926317,0,0,1,0,7,7,42,"jarufes","Etude 3",149
"SVT","SES","novice","TR",5.790004,4.489987,5.575765,5.610023,3,2,7,0.00265604249667995,5,8,33,"jugufes","Etude 3",150
"SVT","S","expert","TR",5.917068,5.190057,5.417189,5.619335,1,3,2,0,1,2,50,"lagifs","Etude 3",151
"SVT","S","expert","TR",5.289152,4.012837,4.837588,4.898176,1,0,2,0.0145348837209302,2,4,45,"leyafs","Etude 3",152
"SVT","S","expert","TR",5.721975,4.939015,5.269233,5.435811,1,1,2,0,1,4,50,"lobrfs","Etude 3",153
"SVT","S","expert","TR",5.888285,4.294665,5.130456,5.189622,4,0,5,0,3,4,50,"macofs","Etude 3",154
"SVT","SES","novice","TR",5.288026,3.875003,4.939514,4.975423,0,0,1,0,3,3,35,"madefes","Etude 3",155
"SVT","S","expert","TR",5.384267,4.12215,4.879744,4.949688,0,0,1,0,3,4,46,"magofs","Etude 3",156
"SVT","SES","novice","TR",5.556782,4.901714,5.139256,5.337557,4,0,2,0,5,8,44,"masahes","Etude 3",157
"SVT","S","expert","TR",5.440148,4.157366,4.732675,4.835069,1,0,2,0.0370130470991024,3,4,47,"matohs","Etude 3",158
"SVT","SES","novice","TR",5.078348,4.017993,4.640481,4.733382,1,0,2,0,7,8,40,"mebohes","Etude 3",159
"SVT","S","expert","TR",5.309294,4.210104,5.065953,5.122616,4,1,5,0,3,3,47,"mekafs","Etude 3",160
"SVT","SES","novice","TR",5.353235,5.061441,4.973128,5.320555,3,0,4,0,2,4,48,"nidehes","Etude 3",161
"SVT","S","expert","TR",5.734161,4.72999,4.89706,5.12254,1,0,2,0.0253495063183645,1,5,48,"pocohs","Etude 3",162
"SVT","S","expert","TR",5.700514,4.461469,5.291033,5.350998,3,0,4,0,3,4,48,"quhehs","Etude 3",163
"SVT","SES","novice","TR",5.639485,4.556411,5.398971,5.457281,2,0,3,0,3,4,42,"saalfes","Etude 3",164
"SVT","SES","novice","TR",5.13418,3.986772,4.604215,4.698092,1,0,2,0,5,6,46,"sosafes","Etude 3",165
"SVT","SES","novice","TR",5.437594,5.027602,4.649325,5.17944,2,6,3,0.0224220273997175,4,5,41,"temahes","Etude 3",166
"SVT","SES","novice","TR",5.510211,3.653213,5.139293,5.153248,0,0,1,0.0145123136981729,2,2,44,"thadhes","Etude 3",167
"SVT","S","expert","TR",5.417968,4.573057,4.948941,5.101486,2,3,4,0,1,1,33,"yalafs","Etude 3",168
"SVT","SES","novice","TI",5.258074,4.789292,4.802952,5.097205,1,3,4,0,4,6,39,"albofes","Etude 3",169
"SVT","S","expert","TI",5.289983,3.781396,5.042071,5.06527,0,0,1,0.0181534328141452,3,5,51,"algohs","Etude 3",170
"SVT","SES","novice","TI",5.502153,4.591053,4.431348,4.819531,1,0,1,0.0740768176599133,2,2,49,"alhehes","Etude 3",171
"SVT","S","expert","TI",5.912966,4.418467,5.628751,5.654719,0,0,1,0.00235098294596971,5,4,47,"aljahs","Etude 3",172
"SVT","SES","novice","TI",5.277838,4.322178,4.893085,4.996407,3,1,4,0.0127913223669063,3,2,43,"amtafes","Etude 3",173
"SVT","S","expert","TI",5.362296,4.456062,4.916543,5.045702,1,2,4,0.0121187149314687,7,5,52,"Anmihs","Etude 3",174
"SVT","SES","novice","TI",5.378216,5.19475,4.683947,5.31151,3,2,3,0,1,1,35,"ayrehes","Etude 3",175
"SVT","SES","novice","TI",5.753777,5.284496,5.443398,5.672204,6,2,8,0.00720497431426657,5,5,49,"bakafes","Etude 3",176
"SVT","SES","novice","TI",5.487565,4.943509,4.885259,5.21639,1,3,3,0,5,6,47,"camefes","Etude 3",177
"SVT","SES","novice","TI",5.32838,3.778296,4.778137,4.819544,0,0,1,0.0166672222407414,7,7,38,"chfofes","Etude 3",178
"SVT","S","expert","TI",5.645226,4.776476,5.428834,5.51614,6,2,6,0.00745067652142815,2,6,52,"cofrhs","Etude 3",179
"SVT","SES","novice","TI",5.225309,3.476832,4.653743,4.681721,0,0,1,0,3,6,36,"DADEHES","Etude 3",180
"SVT","SES","novice","TI",5.476107,4.255297,4.800064,4.909053,1,0,2,0.0316932097298154,6,3,44,"dedjfes","Etude 3",181
"SVT","S","expert","TI",5.950094,5.353526,5.597661,5.793557,7,5,10,0,4,5,48,"emhufs","Etude 3",182
"SVT","S","expert","TI",5.53199,4.585235,5.198269,5.293007,3,0,4,0.00633476710228748,4,3,49,"enjahs","Etude 3",183
"SVT","S","expert","TI",5.643057,4.401314,5.326143,5.374933,3,0,6,0.00943814710296075,4,5,44,"ervifs","Etude 3",184
"SVT","S","expert","TI",5.627572,4.624303,5.148291,5.261979,1,2,3,0.00710737105452064,3,7,50,"fajahs","Etude 3",185
"SVT","S","expert","TI",5.455758,3.819676,5.161718,5.18104,0,0,1,0.0137819828138674,4,5,47,"fesahs","Etude 3",186
"SVT","S","expert","TI",5.585122,4.831665,5.04921,5.254949,4,2,5,0.0178574617403882,5,6,45,"gabahs","Etude 3",187
"SVT","SES","novice","TI",5.871866,5.047026,5.087476,5.368752,2,3,3,0,3,2,36,"gagohes","Etude 3",188
"SVT","SES","novice","TI",5.302653,4.511549,5.017972,5.135769,2,1,4,0.0191892540177501,5,6,49,"inmofes","Etude 3",189
"SVT","SES","novice","TI",5.618883,4.58661,5.172086,5.272364,0,1,2,0.0134568673758436,4,4,43,"jagufes","Etude 3",190
"SVT","SES","novice","TI",5.487244,4.732394,5.338259,5.434411,2,4,4,0.00458924006773718,5,6,42,"jarufes","Etude 3",191
"SVT","SES","novice","TI",5.778245,4.919345,5.381613,5.510313,4,3,4,0.00830647572847792,7,6,33,"jugufes","Etude 3",192
"SVT","S","expert","TI",5.624129,4.657945,5.286459,5.378205,1,3,3,0.0103412081633497,1,2,50,"lagifs","Etude 3",193
"SVT","S","expert","TI",5.508662,4.255393,5.151039,5.203025,1,1,3,0.00706254590654839,3,4,45,"leyafs","Etude 3",194
"SVT","S","expert","TI",5.71567,4.4459,5.340971,5.393022,2,2,5,0.00456067060100517,1,4,50,"lobrfs","Etude 3",195
"SVT","S","expert","TI",5.64789,4.67819,5.037857,5.195268,3,3,5,0.00916523078051105,2,4,50,"macofs","Etude 3",196
"SVT","SES","novice","TI",5.469161,4.426104,4.880093,5.010931,0,1,2,0.0131797453673195,7,6,35,"madefes","Etude 3",197
"SVT","S","expert","TI",5.388643,4.583335,4.516892,4.852413,1,3,3,0.0608328010463242,9,3,46,"magofs","Etude 3",198
"SVT","SES","novice","TI",5.786471,4.43022,5.643427,5.669227,0,2,3,0,4,8,44,"masahes","Etude 3",199
"SVT","S","expert","TI",5.830114,4.672357,5.14834,5.273564,1,1,2,0,3,3,47,"matohs","Etude 3",200
"SVT","SES","novice","TI",6.08328,5.139914,5.839327,5.918435,6,5,8,0.00289536163066767,8,9,40,"mebohes","Etude 3",201
"SVT","S","expert","TI",5.568226,3.71617,5.312342,5.323211,0,0,2,0.00974288525804031,2,3,47,"mekafs","Etude 3",202
"SVT","SES","novice","TI",5.906064,4.380266,5.366641,5.409291,1,0,2,0.00429891194538662,3,4,48,"nidehes","Etude 3",203
"SVT","S","expert","TI",5.678063,4.563481,5.067116,5.185576,2,0,3,0.0171361985057235,1,8,48,"pocohs","Etude 3",204
"SVT","S","expert","TI",NA,NA,NA,NA,NA,NA,3,NA,3,4,48,"quhehs","Etude 3",205
"SVT","SES","novice","TI",4.758904,3.653116,4.380229,4.454845,0,0,1,0,3,3,42,"saalfes","Etude 3",206
"SVT","SES","novice","TI",5.195346,4.422015,4.717837,4.895671,2,0,2,0,4,8,46,"sosafes","Etude 3",207
"SVT","SES","novice","TI",5.587598,4.888786,4.736835,5.120452,2,6,4,0.0183301255613601,4,4,41,"temahes","Etude 3",208
"SVT","SES","novice","TI",5.579439,4.380247,5.081333,5.160162,3,0,4,0.0165842979866662,4,1,44,"thadhes","Etude 3",209
"SVT","S","expert","TI",5.412212,4.243286,5.094534,5.151762,3,1,6,0,1,1,33,"yalafs","Etude 3",210
"SVT","SES","novice","TI",5.34405,4.151737,4.859451,4.937187,1,0,2,0,5,6,39,"albofes","Etude 3",211
"SVT","S","expert","TI",5.438873,4.043166,4.912875,4.967866,1,0,2,0.0244430050230375,2,5,51,"algohs","Etude 3",212
"SVT","SES","novice","TI",5.71958,4.841078,5.332723,5.454076,3,2,6,0.00464811449235618,1,1,49,"alhehes","Etude 3",213
"SVT","S","expert","TI",5.566554,3.607026,5.252253,5.261974,0,0,1,0.00559431170385952,5,7,47,"aljahs","Etude 3",214
"SVT","SES","novice","TI",5.23325,4.423295,4.762664,4.926348,2,0,2,0,3,3,43,"amtafes","Etude 3",215
"SVT","S","expert","TI",5.278296,3.579669,4.866293,4.888179,0,0,1,0.0136052570713324,1,1,52,"Anmihs","Etude 3",216
"SVT","SES","novice","TI",5.538574,4.139911,5.379668,5.40398,0,1,1,0.00417188151856487,1,1,35,"ayrehes","Etude 3",217
"SVT","SES","novice","TI",5.638325,4.913798,5.377707,5.505987,3,0,4,0.00838152711424021,5,3,49,"bakafes","Etude 3",218
"SVT","SES","novice","TI",5.257679,3.875061,4.57402,4.653203,0,0,1,0,3,5,47,"camefes","Etude 3",219
"SVT","SES","novice","TI",5.452552,4.230474,5.120571,5.173186,0,0,1,0,3,4,38,"chfofes","Etude 3",220
"SVT","S","expert","TI",5.119253,4.176062,4.62328,4.75589,0,0,1,0.0476156465014404,3,8,52,"cofrhs","Etude 3",221
"SVT","SES","novice","TI",5.489538,4.33652,4.952783,5.046889,1,0,2,0.0111485205913175,1,1,36,"DADEHES","Etude 3",222
"SVT","SES","novice","TI",NA,NA,4.628389,NA,NA,NA,NA,0.0235294117647059,1,1,44,"dedjfes","Etude 3",223
"SVT","S","expert","TI",5.753743,3.988514,5.215746,5.240749,0,0,2,0,3,5,48,"emhufs","Etude 3",224
"SVT","S","expert","TI",5.521006,3.913708,5.099594,5.127017,0,1,3,0.00795070562512423,1,2,49,"enjahs","Etude 3",225
"SVT","S","expert","TI",5.476978,3.919235,4.578983,4.664952,1,3,2,0,1,1,44,"ervifs","Etude 3",226
"SVT","S","expert","TI",5.649917,4.686654,5.48529,5.549369,3,2,6,0,1,6,50,"fajahs","Etude 3",227
"SVT","S","expert","TI",5.168203,3.349083,4.476962,4.508166,0,0,1,0.0333455600386808,4,4,47,"fesahs","Etude 3",228
"SVT","S","expert","TI",5.417306,3.689664,5.054353,5.072713,0,0,1,0.0176472664384287,4,3,45,"gabahs","Etude 3",229
"SVT","SES","novice","TI",5.772398,4.1823,5.412072,5.436934,3,0,3,0.00387193197789901,3,3,36,"gagohes","Etude 3",230
"SVT","SES","novice","TI",5.416472,4.1827,5.144577,5.189577,2,1,4,0,5,6,49,"inmofes","Etude 3",231
"SVT","SES","novice","TI",5.537693,4.021189,4.900373,4.954247,0,0,1,0,3,5,43,"jagufes","Etude 3",232
"SVT","SES","novice","TI",5.531094,4.720151,4.742733,5.032619,1,0,2,0.0180828556445634,3,6,42,"jarufes","Etude 3",233
"SVT","SES","novice","TI",5.358508,3.968436,4.623249,4.710109,2,-1,2,0,8,1,33,"jugufes","Etude 3",234
"SVT","S","expert","TI",5.943607,4.891275,5.49619,5.592531,0,2,3,0.00638027728685089,1,1,50,"lagifs","Etude 3",235
"SVT","S","expert","TI",5.063709,3.518514,4.55629,4.594381,0,0,1,0.0277785494041501,1,2,45,"leyafs","Etude 3",236
"SVT","S","expert","TI",5.752663,3.939569,5.416639,5.430881,0,0,1,0.00766286460867666,1,3,50,"lobrfs","Etude 3",237
"SVT","S","expert","TI",5.842476,4.489748,5.511469,5.550931,3,0,4,0,4,5,50,"macofs","Etude 3",238
"SVT","SES","novice","TI",5.492343,3.653213,4.871001,4.896537,0,0,1,0.0269171758499098,7,6,35,"madefes","Etude 3",239
"SVT","S","expert","TI",5.417517,3.914819,4.982212,5.017893,0,0,1,0.0208361548959755,9,5,46,"magofs","Etude 3",240
"SVT","SES","novice","TI",NA,NA,NA,NA,NA,NA,2,NA,7,3,44,"masahes","Etude 3",241
"SVT","S","expert","TI",5.573676,3.537315,4.947409,4.963981,0,0,1,0.0225746373948868,4,2,47,"matohs","Etude 3",242
"SVT","SES","novice","TI",5.865859,4.731605,5.554336,5.615188,3,3,6,0,6,8,40,"mebohes","Etude 3",243
"SVT","S","expert","TI",5.569725,4.409781,5.106102,5.185726,2,1,3,0,5,5,47,"mekafs","Etude 3",244
"SVT","SES","novice","TI",5.417306,3.414973,4.989886,5.001292,0,0,1,0.0204712481319986,1,1,48,"nidehes","Etude 3",245
"SVT","S","expert","TI",5.760346,4.73642,5.475809,5.54851,5,1,6,0.00334341931493338,2,9,48,"pocohs","Etude 3",246
"SVT","S","expert","TI",5.477555,4.534838,5.075923,5.185732,3,0,4,0.00839609413700746,4,5,48,"quhehs","Etude 3",247
"SVT","SES","novice","TI",5.912641,4.956884,5.612829,5.699484,1,1,2,0.00243876861694993,4,4,42,"saalfes","Etude 3",248
"SVT","SES","novice","TI",5.475235,4.287802,5.116272,5.176378,2,0,3,0,2,3,46,"sosafes","Etude 3",249
"SVT","SES","novice","TI",5.460149,4.570438,4.458562,4.819123,0,3,1,0,6,4,41,"temahes","Etude 3",250
"SVT","SES","novice","TI",5.624572,4.518501,5.303194,5.369212,0,0,1,0,5,3,44,"thadhes","Etude 3",251
"SVT","S","expert","TI",5.443078,4.667724,4.744293,5.008724,0,2,1,0,3,3,33,"yalafs","Etude 3",252
"ECO","SES","expert","TC",5.942046,4.840752,4.823226,5.133108,4,0,4,0.0150235870316397,2,3,39,"albofes","Etude 3",253
"ECO","S","novice","TC",5.303157,4.247654,4.436369,4.653213,1,0,2,0,1,2,51,"algohs","Etude 3",254
"ECO","SES","expert","TC",5.333653,3.778368,4.431316,4.518514,1,0,1,0.0370411527206727,1,1,49,"alhehes","Etude 3",255
"ECO","S","novice","TC",6.018696,4.157638,5.488238,5.508064,1,0,2,0.00649819025401426,5,4,47,"aljahs","Etude 3",256
"ECO","SES","expert","TC",5.301032,4.254862,4.766309,4.882917,2,0,3,0.0171273935532491,1,2,43,"amtafes","Etude 3",257
"ECO","S","novice","TC",5.443263,4.758942,4.845687,5.105507,2,2,2,0.0142663528069049,7,4,52,"Anmihs","Etude 3",258
"ECO","SES","expert","TC",5.492899,3.653213,4.910539,4.933912,0,0,1,0.0122874275041777,1,1,35,"ayrehes","Etude 3",259
"ECO","SES","expert","TC",5.822712,4.764938,5.39169,5.483773,5,0,4,0.00811596084860487,8,5,49,"bakafes","Etude 3",260
"ECO","SES","expert","TC",5.622009,4.503777,5.297544,5.362294,3,1,4,0.00504029717592149,5,3,47,"camefes","Etude 3",261
"ECO","SES","expert","TC",5.758685,4.278731,4.556303,4.740355,0,0,1,0.0277777777777778,3,3,38,"chfofes","Etude 3",262
"ECO","S","novice","TC",5.529303,3.778224,4.801397,4.840733,0,0,1,0.0315960757673897,4,4,52,"cofrhs","Etude 3",263
"ECO","SES","expert","TC",5.409172,3.875119,4.715744,4.774298,0,0,1,0.0192422405664916,2,3,36,"DADEHES","Etude 3",264
"ECO","SES","expert","TC",5.751279,4.40654,4.732386,4.900362,0,0,1,0.0370377229207948,1,1,44,"dedjfes","Etude 3",265
"ECO","S","novice","TC",5.798615,4.130655,5.595317,5.609965,1,0,2,0.00253912151473833,4,4,48,"emhufs","Etude 3",266
"ECO","S","novice","TC",5.747766,3.691347,5.022836,5.042623,1,0,2,0.00948775605081642,3,3,49,"enjahs","Etude 3",267
"ECO","S","novice","TC",6.076273,5.354352,5.86911,5.984941,5,4,7,0.00135173129744577,6,5,44,"ervifs","Etude 3",268
"ECO","S","novice","TC",5.682417,3.929368,5.092022,5.120903,2,0,3,0.00809054942921174,5,7,50,"fajahs","Etude 3",269
"ECO","S","novice","TC",5.633871,3.886547,4.786659,4.838144,0,0,1,0.0326866818114959,4,3,47,"fesahs","Etude 3",270
"ECO","S","novice","TC",5.458938,4.856082,4.060736,4.920614,1,2,1,0.0869489609599165,4,4,45,"gabahs","Etude 3",271
"ECO","SES","expert","TC",5.950197,4.972152,5.160045,5.377212,0,1,2,0.00691759074149655,1,1,36,"gagohes","Etude 3",272
"ECO","SES","expert","TC",5.527114,3.653213,5.012002,5.030608,0,0,1,0.0194548744187856,3,2,49,"inmofes","Etude 3",273
"ECO","SES","expert","TC",5.629607,3.562352,4.768753,4.794948,0,0,1,0.0340625558838807,3,6,43,"jagufes","Etude 3",274
"ECO","SES","expert","TC",5.568204,4.289054,5.271142,5.314194,0,0,1,0.00535621508417292,1,2,42,"jarufes","Etude 3",275
"ECO","SES","expert","TC",5.859979,3.478422,5.232714,5.240295,3,0,4,0.0117035034437559,8,5,33,"jugufes","Etude 3",276
"ECO","S","novice","TC",5.697089,4.412074,5.324643,5.374752,1,0,2,0.00473540902095418,1,5,50,"lagifs","Etude 3",277
"ECO","S","novice","TC",5.427674,3.967361,4.881955,4.931844,0,0,1,0.0131233595800525,6,5,45,"leyafs","Etude 3",278
"ECO","S","novice","TC",6.007355,4.620136,5.53625,5.585975,2,2,4,0.00581808026623535,2,3,50,"lobrfs","Etude 3",279
"ECO","S","novice","TC",5.735291,4.459754,5.556616,5.590043,3,0,4,0.0027757730527952,1,3,50,"macofs","Etude 3",280
"ECO","SES","expert","TC",5.549738,4.19382,5.059139,5.114654,0,0,1,0.0174538346074633,2,2,35,"madefes","Etude 3",281
"ECO","S","novice","TC",5.558608,3.949488,5.209416,5.232653,0,0,1,0.00617424967430833,2,1,46,"magofs","Etude 3",282
"ECO","SES","expert","TC",5.784403,3.957847,5.218383,5.241589,2,0,3,0.00604807006084358,5,6,44,"masahes","Etude 3",283
"ECO","S","novice","TC",5.931983,4.415007,5.341195,5.389841,3,0,3,0.00911664288742314,4,5,47,"matohs","Etude 3",284
"ECO","SES","expert","TC",5.941263,4.33696,5.340355,5.38144,0,0,2,0.00913429700166701,7,6,40,"mebohes","Etude 3",285
"ECO","S","novice","TC",5.828933,4.563089,5.513368,5.559524,0,1,1,0.00306642176178196,3,3,47,"mekafs","Etude 3",286
"ECO","SES","expert","TC",5.663512,3.982226,4.981379,5.022849,0,0,1,0.0104380864899847,1,1,48,"nidehes","Etude 3",287
"ECO","S","novice","TC",6.160894,4.733486,5.717676,5.76053,5,0,5,0.00383136624604651,7,9,48,"pocohs","Etude 3",288
"ECO","S","novice","TC",5.668523,4.471702,4.906362,5.042312,2,0,2,0.0248123565535637,4,4,48,"quhehs","Etude 3",289
"ECO","SES","expert","TC",5.656775,4.316012,4.913962,5.011697,0,0,1,0.0121909591846686,1,2,42,"saalfes","Etude 3",290
"ECO","SES","expert","TC",5.688942,4.412494,5.119404,5.197272,1,0,2,0.00759618671426944,3,3,46,"sosafes","Etude 3",291
"ECO","SES","expert","TC",5.58107,4.334031,5.083083,5.154308,3,1,4,0.00825879768423313,4,4,41,"temahes","Etude 3",292
"ECO","SES","expert","TC",5.725933,4.10568,5.626121,5.639029,1,0,2,0.00236526280435019,1,1,44,"thadhes","Etude 3",293
"ECO","S","novice","TC",5.674957,4.638988,4.774218,5.012875,3,1,3,0.0168183117778637,5,4,33,"yalafs","Etude 3",294
"ECO","SES","expert","TC",5.372389,4.780605,4.661008,5.02594,0,1,1,0.0436538251664302,2,2,39,"albofes","Etude 3",295
"ECO","S","novice","TC",5.208444,3.80929,4.571266,4.640561,1,0,2,0.0536739842198486,1,1,51,"algohs","Etude 3",296
"ECO","SES","expert","TC",5.17667,4.090505,3.477121,4.185174,1,1,1,0,1,1,49,"alhehes","Etude 3",297
"ECO","S","novice","TC",5.299941,4.296643,4.700851,4.845197,0,0,1,0,5,9,47,"aljahs","Etude 3",298
"ECO","SES","expert","TC",4.919601,3.176091,4.117238,4.164323,0,0,1,0.152683410947401,3,3,43,"amtafes","Etude 3",299
"ECO","S","novice","TC",5.125481,3.778151,4.607455,4.667453,0,0,1,0,2,3,52,"Anmihs","Etude 3",300
"ECO","SES","expert","TC",5.29688,3.568202,3.954194,4.10377,0,0,1,0.222246916324036,1,1,35,"ayrehes","Etude 3",301
"ECO","SES","expert","TC",4.92557,4.026165,4.257198,4.457897,0,0,1,0.0553097345132743,2,2,49,"bakafes","Etude 3",302
"ECO","SES","expert","TC",5.146438,3.653213,4.037785,4.187774,0,0,1,0.0916674305619214,2,1,47,"camefes","Etude 3",303
"ECO","SES","expert","TC",5.225307,3.954194,4.788875,4.848183,0,0,2,0.016260162601626,4,5,38,"chfofes","Etude 3",304
"ECO","S","novice","TC",4.883667,3.669967,4.495863,4.556303,2,0,2,0.0638508444274175,1,1,52,"cofrhs","Etude 3",305
"ECO","SES","expert","TC",5.250552,3.970997,4.563303,4.662182,0,0,1,0.0273336066694,3,4,36,"DADEHES","Etude 3",306
"ECO","SES","expert","TC",5.44576,4.158242,4.763173,4.859511,1,1,3,0.03450298450816,1,1,44,"dedjfes","Etude 3",307
"ECO","S","novice","TC",5.103592,3.359646,4.066773,4.144605,0,0,1,0.0857485851483451,2,2,48,"emhufs","Etude 3",308
"ECO","S","novice","TC",5.43345,4.406506,4.797288,4.945474,1,1,4,0.0159482002456023,1,2,49,"enjahs","Etude 3",309
"ECO","S","novice","TC",5.234011,3.47041,3.946992,4.072066,0,0,1,0,3,1,44,"ervifs","Etude 3",310
"ECO","S","novice","TC",5.313234,3.653116,4.880819,4.905796,0,0,1,0.0263154432178524,4,7,50,"fajahs","Etude 3",311
"ECO","S","novice","TC",5.277937,3.555457,4.289388,4.362935,0,0,1,0.0513584304863643,3,5,47,"fesahs","Etude 3",312
"ECO","S","novice","TC",5.019532,3.799341,4.130366,4.296687,0,0,1,0.148137175024072,1,1,45,"gabahs","Etude 3",313
"ECO","SES","expert","TC",5.243043,3.543944,4.130334,4.230423,0,0,1,0.0740740740740741,4,3,36,"gagohes","Etude 3",314
"ECO","SES","expert","TC",4.926348,3.491362,4.37293,4.426528,0,0,2,0.0847421719418669,1,1,49,"inmofes","Etude 3",315
"ECO","SES","expert","TC",5.356405,3.778006,4.537807,4.607423,0,0,1,0.0579726948607206,3,3,43,"jagufes","Etude 3",316
"ECO","SES","expert","TC",5.236033,3.778079,5.149835,5.167905,0,0,1,0.0141643059490085,1,1,42,"jarufes","Etude 3",317
"ECO","SES","expert","TC",5.449633,4.312748,4.667957,4.826729,1,0,2,0.021480431327061,7,1,33,"jugufes","Etude 3",318
"ECO","S","novice","TC",5.525329,4.554865,5.141331,5.241405,4,0,5,0.0144443962964568,1,1,50,"lagifs","Etude 3",319
"ECO","S","novice","TC",5.152903,3.778151,4.426528,4.514561,1,0,2,0.0749035616643571,3,2,45,"leyafs","Etude 3",320
"ECO","S","novice","TC",5.316809,3.982181,4.752832,4.820858,1,0,2,0.035334440479135,1,3,50,"lobrfs","Etude 3",321
"ECO","S","novice","TC",5.436648,4.434265,4.673482,4.87117,2,0,2,0.0212089077412513,1,2,50,"macofs","Etude 3",322
"ECO","SES","expert","TC",5.22819,3.476976,4.130398,4.21751,0,0,1,0.148126203525404,3,3,35,"madefes","Etude 3",323
"ECO","S","novice","TC",5.281608,3.700358,4.780188,4.8149,1,0,2,0.0165886997777114,2,1,46,"magofs","Etude 3",324
"ECO","SES","expert","TC",4.97358,3.040998,3.878407,3.937367,0,0,1,0.264620269912675,6,2,44,"masahes","Etude 3",325
"ECO","S","novice","TC",5.297187,4.283618,4.606446,4.775392,1,0,2,0.0494975993664307,5,5,47,"matohs","Etude 3",326
"ECO","SES","expert","TC",5.02592,2.634477,3.552668,3.602169,0,0,1,0.560224089635854,4,6,40,"mebohes","Etude 3",327
"ECO","S","novice","TC",NA,NA,NA,NA,NA,NA,NA,NA,1,1,47,"mekafs","Etude 3",328
"ECO","SES","expert","TC",5.274391,3.366236,4.638759,4.661349,1,0,2,0.0229742458703793,1,1,48,"nidehes","Etude 3",329
"ECO","S","novice","TC",5.377854,3.70757,4.585461,4.639486,0,0,1,0.051948051948052,2,4,48,"pocohs","Etude 3",330
"ECO","S","novice","TC",5.035834,4.023252,4.09691,4.362671,0,0,1,0,5,6,48,"quhehs","Etude 3",331
"ECO","SES","expert","TC",4.90848,3.653213,4.079145,4.217458,0,0,1,0.166680556713059,1,2,42,"saalfes","Etude 3",332
"ECO","SES","expert","TC",4.927365,3.175802,4.431364,4.45483,0,0,1,0.037037037037037,2,2,46,"sosafes","Etude 3",333
"ECO","SES","expert","TC",5.206556,3.611829,4.745801,4.776585,0,0,1,0.0179555779002747,3,3,41,"temahes","Etude 3",334
"ECO","SES","expert","TC",5.318481,4.569374,4.694605,4.937518,0,1,1,0.0202020202020202,1,1,44,"thadhes","Etude 3",335
"ECO","S","novice","TC",5.042363,3.91503,4.102091,4.319585,0,1,1,0.158102766798419,1,1,33,"yalafs","Etude 3",336
"ECO","SES","expert","TR",5.609357,4.877694,5.16424,5.345213,6,0,7,0.0137021964620929,2,5,39,"albofes","Etude 3",337
"ECO","S","novice","TR",5.268229,4.685921,4.662286,4.975294,1,0,2,0.043525571273123,4,5,51,"algohs","Etude 3",338
"ECO","SES","expert","TR",5.718751,4.62326,4.694596,4.961421,1,0,2,0.0202024283318855,2,2,49,"alhehes","Etude 3",339
"ECO","S","novice","TR",5.409429,3.743745,4.424179,4.506505,0,0,1,0.0376548555936288,4,10,47,"aljahs","Etude 3",340
"ECO","SES","expert","TR",5.522705,4.299246,4.83905,4.949146,3,0,3,0.0289720709236296,3,4,43,"amtafes","Etude 3",341
"ECO","S","novice","TR",6.54969,5.071871,4.856759,5.27853,3,2,4,0.0139072387177526,7,6,52,"Anmihs","Etude 3",342
"ECO","SES","expert","TR",5.279897,5.052809,4.352221,5.131721,1,2,2,0,1,1,35,"ayrehes","Etude 3",343
"ECO","SES","expert","TR",5.516272,4.044736,4.885926,4.944409,0,0,1,0.0260078023407022,2,3,49,"bakafes","Etude 3",344
"ECO","SES","expert","TR",5.021185,NA,NA,NA,NA,NA,NA,NA,7,5,47,"camefes","Etude 3",345
"ECO","SES","expert","TR",5.603684,4.783911,4.998255,5.205204,1,1,1,0.0100402614484081,7,6,38,"chfofes","Etude 3",346
"ECO","S","novice","TR",5.854548,4.659907,5.462244,5.525817,1,0,2,0.00344950102967606,4,8,52,"cofrhs","Etude 3",347
"ECO","SES","expert","TR",5.407899,4.366498,4.366498,4.667528,0,0,1,0,5,7,36,"DADEHES","Etude 3",348
"ECO","SES","expert","TR",NA,NA,NA,NA,NA,NA,NA,NA,3,5,44,"dedjfes","Etude 3",349
"ECO","S","novice","TR",5.570711,4.444263,5.00448,5.110088,0,0,6,0.00989736433187842,5,5,48,"emhufs","Etude 3",350
"ECO","S","novice","TR",5.80373,3.477266,4.021189,4.130366,1,0,2,0.0952380952380952,6,8,49,"enjahs","Etude 3",351
"ECO","S","novice","TR",5.471588,3.736556,5.127445,5.144752,0,0,1,0,7,5,44,"ervifs","Etude 3",352
"ECO","S","novice","TR",5.679519,4.357916,5.0141,5.100712,0,1,2,0.00968054211035818,3,3,50,"fajahs","Etude 3",353
"ECO","S","novice","TR",5.591926,3.585461,5.221615,5.231538,0,0,1,0.00600322973759883,4,6,47,"fesahs","Etude 3",354
"ECO","S","novice","TR",5.737906,5.029648,4.983166,5.308058,4,2,5,0.0207904530239714,6,5,45,"gabahs","Etude 3",355
"ECO","SES","expert","TR",NA,NA,NA,NA,1,NA,NA,NA,4,2,36,"gagohes","Etude 3",356
"ECO","SES","expert","TR",5.324081,4.024157,4.957885,5.005738,2,0,3,0.0110183124352674,4,6,49,"inmofes","Etude 3",357
"ECO","SES","expert","TR",5.574263,4.933487,5.182124,5.376391,1,1,2,0.00657470841168194,5,6,43,"jagufes","Etude 3",358
"ECO","SES","expert","TR",5.44747,3.653116,5.349279,5.357935,0,0,1,0.00447425291162008,1,4,42,"jarufes","Etude 3",359
"ECO","SES","expert","TR",5.69055,4.576376,5.221404,5.310054,0,0,1,0.00600615029790505,8,2,33,"jugufes","Etude 3",360
"ECO","S","novice","TR",5.607887,4.947076,5.333403,5.482881,0,1,2,0.00928169001011704,2,5,50,"lagifs","Etude 3",361
"ECO","S","novice","TR",5.487561,3.875003,5.026533,5.056138,0,0,1,0.00940733772342427,5,8,45,"leyafs","Etude 3",362
"ECO","S","novice","TR",5.079901,3.576802,4.176091,4.273557,0,0,1,0,1,6,50,"lobrfs","Etude 3",363
"ECO","S","novice","TR",5.269293,3.833275,4.569304,4.642524,0,0,2,0.0269585377689114,7,6,50,"macofs","Etude 3",364
"ECO","SES","expert","TR",5.81191,5.003017,5.394115,5.542209,1,3,3,0.00807076446280992,6,5,35,"madefes","Etude 3",365
"ECO","S","novice","TR",5.317842,3.890477,4.787751,4.839553,1,0,2,0.0163023100373323,9,1,46,"magofs","Etude 3",366
"ECO","SES","expert","TR",NA,NA,NA,NA,NA,NA,NA,NA,5,8,44,"masahes","Etude 3",367
"ECO","S","novice","TR",5.60617,3.648165,4.642069,4.684019,0,0,1,0.0455996352029184,5,5,47,"matohs","Etude 3",368
"ECO","SES","expert","TR",5.509436,4.509995,4.751972,4.948653,2,1,3,0.0354044963710391,5,7,40,"mebohes","Etude 3",369
"ECO","S","novice","TR",6.047606,4.82438,5.789471,5.834155,3,0,4,0.00162378784237567,2,3,47,"mekafs","Etude 3",370
"ECO","SES","expert","TR",5.502091,3.39794,4.975446,4.986785,0,0,1,0.0211633493116621,2,4,48,"nidehes","Etude 3",371
"ECO","S","novice","TR",5.655333,4.646404,4.717238,4.984293,1,0,2,0.0191761908414513,3,10,48,"pocohs","Etude 3",372
"ECO","S","novice","TR",5.276692,4.204174,4.772476,4.876351,0,1,2,0,5,4,48,"quhehs","Etude 3",373
"ECO","SES","expert","TR",5.755724,4.041156,4.86035,4.921666,0,0,1,0.0137927229593666,1,2,42,"saalfes","Etude 3",374
"ECO","SES","expert","TR",5.69055,4.499728,5.110916,5.206016,2,1,3,0.00774611338760777,2,3,46,"sosafes","Etude 3",375
"ECO","SES","expert","TR",5.345574,4.649812,4.517855,4.889856,2,1,2,0.0303490136570561,5,8,41,"temahes","Etude 3",376
"ECO","SES","expert","TR",NA,NA,NA,NA,NA,NA,NA,NA,3,2,44,"thadhes","Etude 3",377
"ECO","S","novice","TR",5.19762,4.623011,4.488847,4.862119,0,0,1,0.0324454105966711,1,1,33,"yalafs","Etude 3",378
"ECO","SES","expert","TR",5.551345,5.023569,5.239837,5.446058,8,3,9,0,4,4,39,"albofes","Etude 3",379
"ECO","S","novice","TR",5.682655,4.518882,5.404225,5.457385,2,0,4,0,5,4,51,"algohs","Etude 3",380
"ECO","SES","expert","TR",5.693815,4.965202,4.846962,5.211123,2,2,3,0,2,2,49,"alhehes","Etude 3",381
"ECO","S","novice","TR",5.541702,4.705059,5.226329,5.340644,3,1,4,0,5,9,47,"aljahs","Etude 3",382
"ECO","SES","expert","TR",5.440278,4.848669,4.835202,5.143018,5,2,6,0,2,2,43,"amtafes","Etude 3",383
"ECO","S","novice","TR",5.202213,3.778079,4.518514,4.591053,0,0,1,0,3,5,52,"Anmihs","Etude 3",384
"ECO","SES","expert","TR",5.705864,4.752325,5.083488,5.249766,4,1,4,0,1,1,35,"ayrehes","Etude 3",385
"ECO","SES","expert","TR",5.806674,4.588417,5.527302,5.57462,1,0,1,0,2,2,49,"bakafes","Etude 3",386
"ECO","SES","expert","TR",5.354297,4.426495,3.740363,4.507842,0,1,1,0,8,3,47,"camefes","Etude 3",387
"ECO","SES","expert","TR",5.621489,4.532767,5.18949,5.276004,3,0,3,0,4,6,38,"chfofes","Etude 3",388
"ECO","S","novice","TR",5.503796,4.392064,5.162095,5.230211,2,0,4,0.00688501339135105,4,6,52,"cofrhs","Etude 3",389
"ECO","SES","expert","TR",5.510198,4.676328,5.010016,5.175492,1,1,2,0.00977201880136417,2,9,36,"DADEHES","Etude 3",390
"ECO","SES","expert","TR",5.464041,4.079254,5.027761,5.074096,0,0,1,0,1,2,44,"dedjfes","Etude 3",391
"ECO","S","novice","TR",5.503655,4.865974,4.727558,5.103287,0,0,3,0,4,8,48,"emhufs","Etude 3",392
"ECO","S","novice","TR",5.429589,4.510102,5.04973,5.159865,1,0,3,0,4,4,49,"enjahs","Etude 3",393
"ECO","S","novice","TR",5.849664,4.02547,4.137132,4.38591,0,0,2,0,6,5,44,"ervifs","Etude 3",394
"ECO","S","novice","TR",5.370143,4.264865,4.687529,4.826735,0,2,2,0,5,6,50,"fajahs","Etude 3",395
"ECO","S","novice","TR",5.386142,4.44767,4.805711,4.963618,0,0,1,0.0156418638845005,5,5,47,"fesahs","Etude 3",396
"ECO","S","novice","TR",5.582176,4.931737,4.87801,5.206734,1,2,2,0,4,4,45,"gabahs","Etude 3",397
"ECO","SES","expert","TR",5.688509,4.849757,5.137727,5.318216,0,1,6,0,3,2,36,"gagohes","Etude 3",398
"ECO","SES","expert","TR",5.676694,5.095957,4.869461,5.29834,2,1,3,0,4,4,49,"inmofes","Etude 3",399
"ECO","SES","expert","TR",5.616265,4.208173,5.164941,5.210447,0,1,2,0,4,5,43,"jagufes","Etude 3",400
"ECO","SES","expert","TR",5.651471,3.476687,5.383269,5.388622,0,0,4,0,2,2,42,"jarufes","Etude 3",401
"ECO","SES","expert","TR",NA,NA,NA,NA,NA,NA,NA,NA,8,2,33,"jugufes","Etude 3",402
"ECO","S","novice","TR",5.596496,4.531198,5.121721,5.220963,1,1,1,0.00755578054990971,1,3,50,"lagifs","Etude 3",403
"ECO","S","novice","TR",5.376942,3.744215,4.70757,4.752425,0,0,1,0,7,7,45,"leyafs","Etude 3",404
"ECO","S","novice","TR",4.928401,3.553033,4.367375,4.429332,0,0,1,0,1,6,50,"lobrfs","Etude 3",405
"ECO","S","novice","TR",5.527239,4.358639,5.173064,5.235011,2,0,2,0,5,6,50,"macofs","Etude 3",406
"ECO","SES","expert","TR",5.859199,4.596575,5.421941,5.482449,1,1,2,0.00756987944966976,4,4,35,"madefes","Etude 3",407
"ECO","S","novice","TR",5.618809,4.475526,5.193784,5.269809,0,0,1,0,5,5,46,"magofs","Etude 3",408
"ECO","SES","expert","TR",5.271207,4.221988,4.221988,4.523018,0,1,2,0,5,8,44,"masahes","Etude 3",409
"ECO","S","novice","TR",5.690997,4.199399,5.176598,5.220113,1,0,2,0,5,4,47,"matohs","Etude 3",410
"ECO","SES","expert","TR",5.369542,4.739754,4.077513,4.825277,0,4,1,0.0836540070269366,1,4,40,"mebohes","Etude 3",411
"ECO","S","novice","TR",5.771175,4.64661,5.535171,5.587962,2,0,3,0.00583255322933891,5,5,47,"mekafs","Etude 3",412
"ECO","SES","expert","TR",5.81141,5.061441,5.382924,5.552304,3,1,4,0,1,3,48,"nidehes","Etude 3",413
"ECO","S","novice","TR",6.218797,4.970565,5.775063,5.838342,6,1,7,0.00167856207658272,7,8,48,"pocohs","Etude 3",414
"ECO","S","novice","TR",5.79948,4.898988,5.234008,5.399063,1,2,3,0,4,4,48,"quhehs","Etude 3",415
"ECO","SES","expert","TR",6.432324,5.0103,5.168612,5.39766,1,2,3,0,1,2,42,"saalfes","Etude 3",416
"ECO","SES","expert","TR",5.422756,3.954243,5.068186,5.100371,0,0,1,0,2,3,46,"sosafes","Etude 3",417
"ECO","SES","expert","TR",5.536028,5.025232,5.041381,5.334412,3,5,3,0,4,5,41,"temahes","Etude 3",418
"ECO","SES","expert","TR",5.847642,4.308799,5.425001,5.457025,1,0,2,0.00751673412935548,1,1,44,"thadhes","Etude 3",419
"ECO","S","novice","TR",5.269508,4.585348,4.666434,4.92881,4,0,5,0,3,4,33,"yalafs","Etude 3",420
"ECO","SES","expert","TI",5.702687,4.735351,5.438931,5.517348,4,1,5,0.00363972541911438,2,3,39,"albofes","Etude 3",421
"ECO","S","novice","TI",5.200588,3.450095,4.863365,4.879818,0,0,1,0.0136973166956593,3,4,51,"algohs","Etude 3",422
"ECO","SES","expert","TI",5.568788,4.64838,4.290035,4.806194,1,2,1,0.0512820512820513,2,2,49,"alhehes","Etude 3",423
"ECO","S","novice","TI",5.846173,4.864677,5.537425,5.621088,1,0,2,0.00580236562446509,6,7,47,"aljahs","Etude 3",424
"ECO","SES","expert","TI",5.524915,4.335338,5.066613,5.140574,2,0,3,0,2,3,43,"amtafes","Etude 3",425
"ECO","S","novice","TI",5.25237,3.653213,4.541579,4.594393,0,0,1,0.028735632183908,1,1,52,"Anmihs","Etude 3",426
"ECO","SES","expert","TI",5.75694,4.176062,4.855525,4.938019,2,0,3,0.0139468068785652,1,1,35,"ayrehes","Etude 3",427
"ECO","SES","expert","TI",5.723025,4.998203,5.357862,5.515276,5,1,6,0,2,4,49,"bakafes","Etude 3",428
"ECO","SES","expert","TI",5.463744,3.653213,5.13258,5.146748,0,0,1,0,6,1,47,"camefes","Etude 3",429
"ECO","SES","expert","TI",5.567028,3.477266,5.173186,5.181846,0,0,1,0.0134228187919463,7,5,38,"chfofes","Etude 3",430
"ECO","S","novice","TI",5.349085,3.785401,4.255248,4.382017,0,0,1,0,3,5,52,"cofrhs","Etude 3",431
"ECO","SES","expert","TI",5.48058,4.664134,4.934453,5.121024,3,1,4,0.0116291239780907,3,5,36,"DADEHES","Etude 3",432
"ECO","SES","expert","TI",5.946551,4.800064,5.39216,5.491081,2,1,3,0.00405358843916577,4,4,44,"dedjfes","Etude 3",433
"ECO","S","novice","TI",5.843623,4.451986,5.683153,5.707937,3,0,4,0.00207418100962835,2,5,48,"emhufs","Etude 3",434
"ECO","S","novice","TI",5.252848,3.601951,3.176091,3.740284,0,0,1,0,3,3,49,"enjahs","Etude 3",435
"ECO","S","novice","TI",6.027129,4.499577,5.287898,5.353406,0,3,3,0.00515349690532511,5,5,44,"ervifs","Etude 3",436
"ECO","S","novice","TI",5.64048,4.436703,5.014798,5.116608,1,2,4,0.00966501072816191,4,5,50,"fajahs","Etude 3",437
"ECO","S","novice","TI",5.567732,3.578754,5.356691,5.363873,0,0,1,0.00439854320249133,2,4,47,"fesahs","Etude 3",438
"ECO","S","novice","TI",5.018696,4.255248,4.556303,4.732386,0,0,1,0,3,3,45,"gabahs","Etude 3",439
"ECO","SES","expert","TI",5.533898,4.021189,4.839472,4.900908,3,1,2,0.0289439789287833,4,5,36,"gagohes","Etude 3",440
"ECO","SES","expert","TI",5.222976,4.217589,4.851851,4.942509,2,0,3,0.0140652910811989,5,6,49,"inmofes","Etude 3",441
"ECO","SES","expert","TI",5.783761,4.510867,5.255215,5.327155,3,1,3,0.0055562963950749,3,3,43,"jagufes","Etude 3",442
"ECO","SES","expert","TI",5.534185,4.121658,5.478375,5.497068,0,0,1,0,1,2,42,"jarufes","Etude 3",443
"ECO","SES","expert","TI",5.223231,4.619083,3.653019,4.663673,2,1,2,0,6,7,33,"jugufes","Etude 3",444
"ECO","S","novice","TI",5.91298,4.353378,5.277513,5.326377,0,0,1,0.005278214696661,3,2,50,"lagifs","Etude 3",445
"ECO","S","novice","TI",5.230451,4.465413,4.764916,4.941516,1,0,2,0,3,4,45,"leyafs","Etude 3",446
"ECO","S","novice","TI",5.458334,3.778151,5.008604,5.033428,0,0,1,0.00980382545269164,1,5,50,"lobrfs","Etude 3",447
"ECO","S","novice","TI",5.839694,4.936835,5.52946,5.628273,0,3,2,0.00295488190814454,5,5,50,"macofs","Etude 3",448
"ECO","SES","expert","TI",5.417927,3.643354,4.40654,4.475657,0,0,1,0.0784313725490196,6,5,35,"madefes","Etude 3",449
"ECO","S","novice","TI",5.597119,4.225128,5.233516,5.274153,0,0,1,0.00584095090680763,7,2,46,"magofs","Etude 3",450
"ECO","SES","expert","TI",5.241297,3.875119,3.875119,4.176149,0,0,1,0,2,5,44,"masahes","Etude 3",451
"ECO","S","novice","TI",5.697422,4.095971,5.171361,5.206416,0,0,1,0.0067396798652064,7,6,47,"matohs","Etude 3",452
"ECO","SES","expert","TI",5.502051,4.40824,4.853546,4.98666,0,1,5,0.0280210157618214,3,6,40,"mebohes","Etude 3",453
"ECO","S","novice","TI",4.653222,3.694517,3.875119,4.095169,0,0,1,0,5,5,47,"mekafs","Etude 3",454
"ECO","SES","expert","TI",5.736635,3.954484,5.298591,5.317823,0,0,1,0.00502815768302494,4,5,48,"nidehes","Etude 3",455
"ECO","S","novice","TI",5.821645,3.672005,5.080991,5.097604,0,0,1,0.00829868631795587,7,6,48,"pocohs","Etude 3",456
"ECO","S","novice","TI",5.217368,4.221727,4.789637,4.893595,2,1,3,0,4,4,48,"quhehs","Etude 3",457
"ECO","SES","expert","TI",5.035029,3.778079,4.227887,4.359817,1,0,2,0.0591715976331361,3,4,42,"saalfes","Etude 3",458
"ECO","SES","expert","TI",5.291815,4.667444,4.667444,4.968474,1,0,2,0.0215058388352438,2,2,46,"sosafes","Etude 3",459
"ECO","SES","expert","TI",5.487986,4.90619,4.704056,5.117808,1,4,4,0,6,5,41,"temahes","Etude 3",460
"ECO","SES","expert","TI",5.214309,3.792462,4.352163,4.457882,0,0,1,0.0444464198408818,1,3,44,"thadhes","Etude 3",461
"ECO","S","novice","TI",5.554249,4.274112,4.955553,5.037705,2,0,3,0,6,6,33,"yalafs","Etude 3",462
"ECO","SES","expert","TI",5.297086,4.329235,4.956927,5.04883,1,0,2,0.0110426467015614,3,5,39,"albofes","Etude 3",463
"ECO","S","novice","TI",5.658885,4.924956,5.23215,5.406196,2,0,3,0.00585936355593055,3,3,51,"algohs","Etude 3",464
"ECO","SES","expert","TI",5.697405,4.041195,5.236303,5.263167,4,0,5,0.00580359474658603,1,1,49,"alhehes","Etude 3",465
"ECO","S","novice","TI",5.788096,3.871047,5.550976,5.559958,2,0,2,0,4,6,47,"aljahs","Etude 3",466
"ECO","SES","expert","TI",5.357554,4.229861,5.211716,5.25479,0,0,1,0,2,2,43,"amtafes","Etude 3",467
"ECO","S","novice","TI",5.524785,4.998512,5.1184,5.36361,5,3,8,0,5,10,52,"Anmihs","Etude 3",468
"ECO","SES","expert","TI",5.590059,3.476832,5.006479,5.01912,1,0,2,0.00985192555885048,1,1,35,"ayrehes","Etude 3",469
"ECO","SES","expert","TI",5.539938,4.621654,5.344872,5.420104,3,0,4,0.00451989658476614,7,5,49,"bakafes","Etude 3",470
"ECO","SES","expert","TI",5.268112,3.52763,4.505557,4.549003,0,0,1,0.0312207305650952,7,5,47,"camefes","Etude 3",471
"ECO","SES","expert","TI",5.374015,3.498311,4.788861,4.810555,0,0,1,0,6,8,38,"chfofes","Etude 3",472
"ECO","S","novice","TI",5.549616,3.778006,5.190514,5.206996,1,0,2,0.00644890852223261,4,6,52,"cofrhs","Etude 3",473
"ECO","SES","expert","TI",5.520879,4.633458,5.135772,5.254548,4,2,5,0,3,7,36,"DADEHES","Etude 3",474
"ECO","SES","expert","TI",5.930598,4.628389,5.431848,5.495268,1,1,2,0.00739915871565403,1,1,44,"dedjfes","Etude 3",475
"ECO","S","novice","TI",5.390838,4.439048,4.56005,4.80478,1,1,2,0,5,6,48,"emhufs","Etude 3",476
"ECO","S","novice","TI",5.628287,4.560803,4.9599,5.105697,2,1,3,0.0109673173941654,3,4,49,"enjahs","Etude 3",477
"ECO","S","novice","TI",5.185823,3.772835,4.339153,4.443451,1,0,2,0,6,5,44,"ervifs","Etude 3",478
"ECO","S","novice","TI",5.576573,5.0241,4.857929,5.249944,0,3,3,0,4,7,50,"fajahs","Etude 3",479
"ECO","S","novice","TI",5.375846,3.740757,4.647627,4.698362,0,0,1,0.0225098480585256,7,6,47,"fesahs","Etude 3",480
"ECO","S","novice","TI",5.333451,4.454845,4.769178,4.94088,0,0,1,0.0170146155547615,5,4,45,"gabahs","Etude 3",481
"ECO","SES","expert","TI",5.270427,4.079109,5.412072,5.431793,0,0,1,0.00387193197789901,2,3,36,"gagohes","Etude 3",482
"ECO","SES","expert","TI",5.367169,3.875351,4.75839,4.811816,0,0,1,0.0174425703371649,5,5,49,"inmofes","Etude 3",483
"ECO","SES","expert","TI",5.420286,4.32224,5.045311,5.120567,0,0,1,0.00900925250231988,6,6,43,"jagufes","Etude 3",484
"ECO","SES","expert","TI",5.360785,4.411502,4.945956,5.057255,1,1,2,0,2,2,42,"jarufes","Etude 3",485
"ECO","SES","expert","TI",5.614158,4.165274,5.281937,5.313928,2,0,3,0.0052247149917972,5,4,33,"jugufes","Etude 3",486
"ECO","S","novice","TI",5.586587,4.033625,5.233049,5.259656,1,0,2,0.00584723513486648,7,5,50,"lagifs","Etude 3",487
"ECO","S","novice","TI",5.370143,4.406557,5.027346,5.120574,2,0,3,0.00938975952825848,7,8,45,"leyafs","Etude 3",488
"ECO","S","novice","TI",5.353148,4.045362,5.001734,5.047279,1,0,2,0,2,4,50,"lobrfs","Etude 3",489
"ECO","S","novice","TI",5.350719,4.164323,4.966362,5.029976,0,0,1,0,6,6,50,"macofs","Etude 3",490
"ECO","SES","expert","TI",5.825166,4.502413,5.439017,5.486571,2,1,3,0.00727802037845706,5,4,35,"madefes","Etude 3",491
"ECO","S","novice","TI",5.113786,3.445604,4.844589,4.861582,0,0,1,0,9,5,46,"magofs","Etude 3",492
"ECO","SES","expert","TI",5.254345,3.36661,3.927319,4.03282,0,0,1,0,5,8,44,"masahes","Etude 3",493
"ECO","S","novice","TI",5.893384,4.339451,5.491572,5.521138,2,1,3,0,6,6,47,"matohs","Etude 3",494
"ECO","SES","expert","TI",5.913602,4.296863,5.643542,5.662662,3,0,4,0.0045445249835261,7,8,40,"mebohes","Etude 3",495
"ECO","S","novice","TI",5.661681,5.159453,5.053209,5.410602,5,3,6,0.00884689562432542,7,6,47,"mekafs","Etude 3",496
"ECO","SES","expert","TI",5.668336,3.414973,5.277728,5.283645,0,0,1,0,6,4,48,"nidehes","Etude 3",497
"ECO","S","novice","TI",5.406542,4.296709,4.963311,5.048057,1,0,2,0.0108815112242788,8,9,48,"pocohs","Etude 3",498
"ECO","S","novice","TI",5.190536,3.972018,4.106769,4.345629,1,0,2,0,4,5,48,"quhehs","Etude 3",499
"ECO","SES","expert","TI",5.665674,3.476976,5.10891,5.118929,1,0,2,0.00778198004700316,5,5,42,"saalfes","Etude 3",500
"ECO","SES","expert","TI",5.49052,4.537844,5.000421,5.129042,4,0,5,0.00999030939988211,6,5,46,"sosafes","Etude 3",501
"ECO","SES","expert","TI",5.772394,3.732394,5.106531,5.124504,0,0,1,0.00782472613458529,5,6,41,"temahes","Etude 3",502
"ECO","SES","expert","TI",5.724417,4.278731,5.260639,5.303708,2,0,3,0,5,5,44,"thadhes","Etude 3",503
"ECO","S","novice","TI",5.372407,4.099577,4.822488,4.89777,2,1,4,0,4,5,33,"yalafs","Etude 3",504
