"","Expertise","Complexite","Tps_Tot","Tps_Xplr","Tps_Xplo","Tps_RI","SW2a","SW2b","Docs","TG_Tot","Etude"
"1","expert","TC",5.50782484955346,4.40317201549225,5.14432663590193,5.21675556147871,3.5,0,4.5,0.0242831168594645,"Etude 1"
"2","expert","TC",5.15331780807531,4.91352245957026,4.14755266408027,4.98223051602325,4,0,1,0.020835286641456,"Etude 1"
"3","expert","TC",5.20985534658547,4.8589400263454,4.69737757059762,5.08665875020999,3,0,2,0.0163821631008158,"Etude 1"
"4","expert","TC",5.57759174500251,4.27030609115291,4.99602325411848,5.0708594763691,2,0.5,1.5,0.0339782114718936,"Etude 1"
"5","expert","TC",4.6786822328364,3.83257277484618,3.9420576838414,4.1917862475822,1,0,1,0.128600823045267,"Etude 1"
"6","expert","TC",4.97883306651997,4.4814712938587,4.55525168552223,4.82095638338686,1,0,1,0.0302046364116892,"Etude 1"
"7","expert","TC",4.91720344645666,3.88004146215864,4.16121821969102,4.34402857175626,2.5,0,1,0.181147114100039,"Etude 1"
"8","expert","TC",5.64633901838736,4.84134069651239,5.19951109220492,5.35737828882692,3,0,3,0.00878317845661988,"Etude 1"
"9","expert","TC",5.44533716239636,4.82727232150037,4.81066928190957,5.12008013412945,4.5,0.5,1.5,0.0303375047402351,"Etude 1"
"10","expert","TC",4.6649708619648,3.96628256216746,4.00479411038871,4.28699507396885,1,0,1,0.103284445362528,"Etude 1"
"11","expert","TC",5.34108318764924,4.62091645856543,4.85443357809555,5.05421457704263,2.5,0.5,1.5,0.0353057477757379,"Etude 1"
"12","expert","TC",5.51964295278398,3.96967212642384,5.16860501260217,5.19524079565464,2,0,2.5,0.0255163879001289,"Etude 1"
"13","expert","TC",4.82184747265952,3.67632773388132,3.825101411598,4.05808422475092,1,0,1,0,"Etude 1"
"14","expert","TC",4.86713736933156,4.10088725485359,4.00318039077125,4.35580578441483,2.5,0,1.5,0.176300769112105,"Etude 1"
"15","expert","TC",5.56864283706697,4.63371078487923,5.23636340813839,5.3331549594383,2.5,0.5,2,0.0185739824940215,"Etude 1"
"16","expert","TC",4.91970030960814,3.79413935576777,3.91328390176042,4.15881464672423,1,0,2,0.138744363510232,"Etude 1"
"17","expert","TC",5.01329657488338,4.1062759113543,4.60975977244355,4.72825635924849,3.5,0,2.5,0.0747831289261143,"Etude 1"
"18","expert","TC",5.05319180644966,4.18474819762794,4.30553407868605,4.55035678735969,2.5,0,1,0.112642739471424,"Etude 1"
"19","expert","TC",5.5367635477745,4.7628435492866,5.28736945902265,5.40093325056815,4,0.5,3,0.0158901040404562,"Etude 1"
"20","expert","TC",5.50978231492096,4.93635789126619,5.21601010915162,5.39934484818037,5.5,1,4,0.0159483274191619,"Etude 1"
"21","novice","TC",5.48743110727984,4.83910707313787,5.07247967090172,5.27231396414822,7,1,3,0.00534178046884807,"Etude 1"
"22","novice","TC",5.82139724244493,5.15619618152412,5.59838337002122,5.73232257794976,10,2,6.5,0.00740862159816933,"Etude 1"
"23","novice","TC",5.26072472426756,4.01822184547627,4.63911279544208,4.73232137137678,1,0,1.5,0.0185216054527606,"Etude 1"
"24","novice","TC",5.0426660630457,3.60605874941031,3.95206559018505,4.1136760118971,1,0,1,0.153940886699507,"Etude 1"
"25","novice","TC",5.3327918116377,4.19048577532922,5.19738119248805,5.23815152598688,3,0.5,2,0.023115775360895,"Etude 1"
"26","novice","TC",5.50187297284721,4.57103882643827,5.27482956195108,5.35321105967105,4,0,2,0.00443393110114462,"Etude 1"
"27","novice","TC",5.6062921320777,5.06218134613655,5.28478704752353,5.48862332785151,10,2,5.5,0.0129848418202801,"Etude 1"
"28","novice","TC",5.74115948071278,4.09228191903622,5.489651975833,5.5067072501944,2,0,2,0.00622762918827524,"Etude 1"
"29","novice","TC",5.6064668181172,4.61317031273957,5.33867358657684,5.41354367182059,5,0.5,2.5,0.0115765081778383,"Etude 1"
"30","novice","TC",5.16650263822234,4.45154850589205,4.80840342472047,4.96667195247023,2.5,0,2,0.0107976202045069,"Etude 1"
"31","novice","TC",4.67819048587097,3.49734438101758,3.80133509567455,3.97644168937884,1,0,1,0.211148648648649,"Etude 1"
"32","novice","TC",5.34101288614349,4.78988024383917,5.01453523899933,5.21760500337716,6.5,0,6,0.0242356676320541,"Etude 1"
"33","novice","TC",5.24665119716228,4.66748097098499,4.84410112147618,5.06573839180324,4,0,2.5,0.0343812450308357,"Etude 1"
"34","novice","TC",5.67245115597878,5.04843597666227,4.97593245209333,5.31472547371795,7,1,2,0.0193791407773458,"Etude 1"
"35","novice","TC",5.61840009882488,4.93998574376231,5.2287069773335,5.4089400398996,6,0.5,3.5,0.0116998748113395,"Etude 1"
"36","novice","TC",5.20730172069293,3.86042785130777,4.72225539500416,4.77819105888662,1.5,0,1.5,0.049995417086767,"Etude 1"
"37","novice","TC",5.39458212469763,4.97353192904233,5.04611259822763,5.31236673695619,3.5,0.5,2.5,0.00974233947669024,"Etude 1"
"38","novice","TC",5.59657675477565,5.21600350651324,5.02538984805801,5.43210143793302,9.5,3.5,3,0.0036974180929457,"Etude 1"
"39","expert","TR",5.73000906021553,4.68428867737216,5.57761414335002,5.62986251753835,4.5,0.5,4.5,0.00468994206749061,"Etude 1"
"40","expert","TR",5.48236255847409,4.94899212780993,4.88017596871573,5.21697565394369,4.5,1.5,2,0.0121354068698538,"Etude 1"
"41","expert","TR",5.58831765556962,5.23605710579229,5.07642196736059,5.46456331459653,7,3.5,3,0.0137245045882734,"Etude 1"
"42","expert","TR",5.7142844834431,5.03974318572829,4.62854729092672,5.18212493104882,7,3,3.5,0.0131493735967153,"Etude 1"
"43","expert","TR",5.37205637342749,4.36675905512633,5.16643307425911,5.23036971928058,2.5,0.5,1.5,0.011766851602351,"Etude 1"
"44","expert","TR",5.41587774259894,4.74685984890772,5.0871671523532,5.25055661279257,2.5,0.5,1.5,0.0224648425214539,"Etude 1"
"45","expert","TR",5.4952591080686,4.88420609047743,4.64821359490428,5.08307599910885,2,0,1.5,0.0165178682039296,"Etude 1"
"46","expert","TR",5.52112173194734,4.45546157723479,4.97774189098734,5.09182341608518,3.5,1,1.5,0.01618849888097,"Etude 1"
"47","expert","TR",6.11042656673298,5.60149123616438,5.84881208276497,6.04355422912865,10.5,5,5.5,0.00361830991457623,"Etude 1"
"48","expert","TR",5.29029177117352,4.72781362226269,4.95403979137654,5.15652340786939,3.5,1,2.5,0.0139478281488094,"Etude 1"
"49","expert","TR",5.51124280557098,3.9501700598082,4.74868408015197,4.81277970700896,2,0,1,0.0307787011388119,"Etude 1"
"50","expert","TR",5.30724565809543,3.49080095201086,4.92353673187619,4.93928207306209,1,0,1,0,"Etude 1"
"51","expert","TR",5.43585312183331,4.72745178640297,4.68773847782044,5.00907890906768,2,0.5,1.5,0.0195862406659322,"Etude 1"
"52","expert","TR",5.61280663010156,3.89547779627571,4.93444794894897,4.97243890447114,1,0,2,0.0213103749560474,"Etude 1"
"53","expert","TR",5.635233855077,4.89295398899505,4.99038103880812,5.24542382576551,2.5,0.5,2,0.0113659612193403,"Etude 1"
"54","expert","TR",5.46972410466047,4.68329925223966,5.17476463675689,5.29616151151454,4,0.5,4.5,0.0101127316763622,"Etude 1"
"55","expert","TR",5.49005544697822,4.96381142966517,4.83275153889512,5.20423668361695,3,1,2,0.0124966415275895,"Etude 1"
"56","expert","TR",5.19721437487619,4.41725573786521,4.4736183334001,4.74738073024629,2,0,2,0.035780735651925,"Etude 1"
"57","expert","TR",5.5009921263361,4.63103769653674,5.19520477887521,5.29996249181312,3.5,0,2.5,0,"Etude 1"
"58","expert","TR",5.60310700652492,4.36240706985787,5.2848738265159,5.33391557629138,1.5,0.5,4,0.0185414807690079,"Etude 1"
"59","novice","TR",5.64940788415556,4.31911647392068,5.22471948175986,5.27559349668875,1.5,0,1.5,0.0106031889090644,"Etude 1"
"60","novice","TR",6.11246272668345,5.36805433095713,5.74472080671017,5.89703406703182,9.5,3.5,6,0.00507020972922545,"Etude 1"
"61","novice","TR",5.53178026393316,4.91548689646039,5.2531234709758,5.41735210043758,4,1.5,4,0.00765028994598895,"Etude 1"
"62","novice","TR",5.76569835095689,4.90996232165399,5.37870761144806,5.50575553246873,3,0,2,0,"Etude 1"
"63","novice","TR",5.54875414601585,5.20105556356206,4.89304011195712,5.3748307991601,6.5,2.5,3.5,0.00843721656225611,"Etude 1"
"64","novice","TR",5.8716613615082,5.44174460940919,5.46588378586342,5.7550118862112,7,1.5,5,0.00351575100396665,"Etude 1"
"65","novice","TR",5.99470507231092,5.33918203555621,5.64819162823469,5.8216392787352,8,2,4,0.00150785896090423,"Etude 1"
"66","novice","TR",5.7848661027494,4.89874711510036,5.03864002858047,5.27533208959237,3,1,3,0.0106095730177339,"Etude 1"
"67","novice","TR",5.71132755372902,5.06991772598616,4.43807536968257,5.16103241756508,2.5,0.5,1.5,0.013803765667274,"Etude 1"
"68","novice","TR",5.37560418012306,4.45785163125561,4.83954089296897,4.99037437844571,2,0,1.5,0,"Etude 1"
"69","novice","TR",4.78598434308496,3.61652802516145,3.55612150702351,3.88840416773705,1,0,1,0.258598396689941,"Etude 1"
"70","novice","TR",5.56278221107331,5.2384563552384,5.02523006197122,5.44582985324374,6.5,2.5,4,0.00716473517347615,"Etude 1"
"71","novice","TR",5.35785864830179,4.26047685832742,4.8347226336652,4.93733982486936,1.5,0,1,0.0231041593262827,"Etude 1"
"72","novice","TR",5.72070286524057,4.60292771285919,4.38132269787568,4.80713911203311,1.5,0,1.5,0,"Etude 1"
"73","novice","TR",5.89403622929301,5.24372988682718,5.38148420953926,5.61907610466264,8,3,7,0,"Etude 1"
"74","novice","TR",5.6751631137098,4.86301934287157,5.11336836684108,5.30701869356292,3,1,3,0.00986305152951272,"Etude 1"
"75","novice","TR",5.7434866383235,5.07364321273379,5.51828686295298,5.65157552012307,11,5,6,0.00446122857773802,"Etude 1"
"76","novice","TR",6.08546772139971,5.67779623101629,5.74673225436313,6.01466059084427,13,4.5,9,0.00193361232136443,"Etude 1"
"77","expert","TI",5.73565158664151,5.26516936481102,5.45187389945655,5.66950841148054,9.5,2.5,7,0.00856153388441073,"Etude 1"
"78","expert","TI",5.85020589836645,5.43884126832135,5.54694900750384,5.79728035475318,9.5,1.5,6.5,0.00637939709912865,"Etude 1"
"79","expert","TI",5.69065052191668,5.2062266219481,5.43823055742706,5.63857011805409,5.5,1,4.5,0.00919369037029886,"Etude 1"
"80","expert","TI",5.60348268726057,4.17305508583884,5.32173199120435,5.35152575454784,4,0,3,0.0178046826315321,"Etude 1"
"81","expert","TI",5.64859612490773,4.71718352074011,5.2475682267546,5.35979091271532,6.5,1,4,0.0174690415828699,"Etude 1"
"82","expert","TI",5.78076613919112,5.43222506449272,5.4325107159313,5.73339790936142,6,0.5,5,0.00739030023094688,"Etude 1"
"83","expert","TI",5.64975045294657,5.28679093181305,5.27361811102423,5.58128445916209,6,0.5,4,0.0104900010621126,"Etude 1"
"84","expert","TI",5.71826537835423,5.07098673296454,5.36957576434749,5.54648220350393,6,2,4,0.0113652184537052,"Etude 1"
"85","expert","TI",5.72746520817192,5.22198249172156,5.42825793470603,5.63828354234878,7,3,4,0.00919975896631508,"Etude 1"
"86","expert","TI",5.72354679042951,5.14558948695418,5.47222678436337,5.63994892597725,10,2.5,4.5,0.00687341123963117,"Etude 1"
"87","expert","TI",5.69149568755049,5.29468882769588,5.36283858590211,5.63112909595335,8.5,2.5,5.5,0.00935256844911034,"Etude 1"
"88","expert","TI",5.44475813988842,4.2962701975268,5.19383253351708,5.24560272522948,3,0,3,0.0227225603781034,"Etude 1"
"89","expert","TI",5.62392966887459,5.02223654636437,5.14577735644611,5.38941506756987,4,0,2.5,0.0163171732129126,"Etude 1"
"90","expert","TI",5.89827530032898,5.03885055901307,5.57279611665322,5.68421050487737,5,0.5,4.5,0.00827655273302117,"Etude 1"
"91","expert","TI",5.80833388180684,5.15772717353954,5.58730060419621,5.72462316628615,4,0,3.5,0.00754113690179932,"Etude 1"
"92","expert","TI",5.76475505483589,5.11246255907664,5.55170488817877,5.68642756117557,7,1,5,0.0082344089186883,"Etude 1"
"93","expert","TI",5.79589321969565,5.29157972959183,5.35730866887863,5.6267164903373,9,2.5,6,0.00944807867415112,"Etude 1"
"94","expert","TI",5.68810600207998,4.98647165401745,5.42316720215073,5.5585705821349,5,0,4.5,0.0110532351437611,"Etude 1"
"95","expert","TI",5.92389704215478,5.45323116656114,5.65082263860237,5.86419859702013,15,2.5,11,0.00410131057379386,"Etude 1"
"96","expert","TI",5.96779547225813,5.1613979525458,5.82808991388036,5.91282019473574,6.5,0,7,0.00488922244250886,"Etude 1"
"97","novice","TI",5.5956642855171,4.82141526061797,5.29707516370411,5.42237969947449,5.5,0.5,4,0.00378111860612844,"Etude 1"
"98","novice","TI",5.77380252966414,5.37090150486777,5.36550108840603,5.66923968646408,11,3.5,7,0.0085668330773992,"Etude 1"
"99","novice","TI",5.68885523306796,4.99376017710535,5.49361765799755,5.612982950986,8,1,6,0.00487581304182472,"Etude 1"
"100","novice","TI",5.52895781496877,5.24946985947954,4.44543294229517,5.31281182621209,4,0,3,0,"Etude 1"
"101","novice","TI",5.7371659956141,4.95746840554009,5.41953446021666,5.54828620718098,5,0,4.5,0.00565905335355502,"Etude 1"
"102","novice","TI",5.88019943154973,5.32023770690539,5.60202361764193,5.78462478040422,5,0.5,4,0.00656803125726075,"Etude 1"
"103","novice","TI",5.81445936256789,4.85134397580889,5.68594809138124,5.74526572982007,8,1,5.5,0.00359554116939583,"Etude 1"
"104","novice","TI",5.82631457076843,5.19813727183159,5.43825113939111,5.6356114025868,8.5,2.5,6,0.0069424035063766,"Etude 1"
"105","novice","TI",5.82884639691887,4.78444967539225,5.49991585156743,5.57639088229545,6,0,4.5,0.00795665215903756,"Etude 1"
"106","novice","TI",5.49459214793113,4.79920265630053,5.15752778473758,5.31534783036613,4.5,0,4,0.0145135423444693,"Etude 1"
"107","novice","TI",5.29818256708504,4.61291094870189,4.86350130064145,5.05706482509961,3,0,3,0.0263060977534593,"Etude 1"
"108","novice","TI",5.96960762130043,5.12381735320714,5.72641828565591,5.82322016432848,9,0,7.5,0.00600952058298359,"Etude 1"
"109","novice","TI",5.92079304295799,4.90288636372562,5.72207712595485,5.78339326927861,5.5,0.5,4.5,0.00494001179016147,"Etude 1"
"110","novice","TI",5.62357178938537,4.74626045151184,4.96619572275099,5.17103424813123,2,0,2,0.00674474837030018,"Etude 1"
"111","novice","TI",5.87652526076538,5.33191699359492,5.46034146936777,5.70188905431188,8.5,1,5,0.00198660235372647,"Etude 1"
"112","novice","TI",5.70763999822516,4.52124925932512,5.50983132330203,5.55227449633995,3.5,0,3,0.0112146440822426,"Etude 1"
"113","novice","TI",5.74847332679179,4.68510550148582,5.56300678100898,5.61703128612279,6,1.5,6,0.00483057366685224,"Etude 1"
"114","novice","TI",5.90158799097802,5.35242276126354,5.63042838356627,5.81433084973043,8,0.5,6.5,0.00460034502587694,"Etude 1"
"115","novice","TC",4.79467390072509,3.98071524300578,4.20477093628552,4.57463692728713,0,0.333333333333333,1,0.115633060333333,"Etude 2"
"116","novice","TC",5.2757266348235,4.40437181946528,4.91628195142814,5.07177157941676,1,0.333333333333333,3,0.0129881076666667,"Etude 2"
"117","novice","TC",5.36491291291256,4.11861739888511,4.81942986342538,4.99678156300376,0,0,1,0.016297414,"Etude 2"
"118","novice","TC",5.28409670628852,4.69046189324618,4.96400020205908,5.22507225081864,1,0,1.66666666666667,0.0146577546666667,"Etude 2"
"119","novice","TC",5.26533206298758,4.5103081389597,4.90312074842829,5.09999353340081,0.666666666666667,0.333333333333333,1.66666666666667,0.017994622,"Etude 2"
"120","novice","TC",5.38912176633991,4.40395512049231,5.00632910023339,5.16664419854288,1.33333333333333,0,2,0.0471549776666667,"Etude 2"
"121","novice","TC",5.07696188946914,3.97170869014552,4.8546844925615,5.01408350436994,0.333333333333333,0,1,0.017254431,"Etude 2"
"122","novice","TC",4.70965432241344,3.86666139994987,4.17887147666595,4.60537329218607,0,0.333333333333333,1,0.0817143726666667,"Etude 2"
"123","novice","TC",4.91675214942972,3.78575679996264,4.4399534227343,4.83920351500134,0,0,1,0.0781632306666667,"Etude 2"
"124","novice","TC",5.02700829085506,3.83352958175864,4.74705168883623,4.87694490591591,0.333333333333333,0,1,0.0299868056666667,"Etude 2"
"125","expert","TC",4.99651021282887,3.94535367721161,4.49635297227224,4.8251295624097,0.333333333333333,0,1.66666666666667,0.0580333553333333,"Etude 2"
"126","novice","TC",5.17749994647507,4.10181578599174,4.9347727444529,5.10645382032216,0.666666666666667,0.333333333333333,2,0.0107638946666667,"Etude 2"
"127","novice","TC",5.20597263433861,4.56151082731756,4.90265366384244,5.1277773257877,1.66666666666667,0,2.33333333333333,0.0114134533333333,"Etude 2"
"128","novice","TC",5.26528176667857,4.67787146332891,4.85390699599704,5.14484704769092,0.666666666666667,0.333333333333333,1.66666666666667,0.0201213003333333,"Etude 2"
"129","expert","TC",5.01232954845474,4.19654462152604,4.48761437666072,4.81252120103413,0.666666666666667,0,1.66666666666667,0.0296173093333333,"Etude 2"
"130","expert","TC",5.21938409681208,3.84883545736228,4.92875420217665,5.03524757649427,0,0,1,0.027015983,"Etude 2"
"131","expert","TC",4.86476612449862,3.8968384151558,4.48712894444141,4.74609943337349,0.666666666666667,0,1.66666666666667,0.0285315493333333,"Etude 2"
"132","expert","TC",5.04590946703501,4.34551095769695,4.62612128259849,4.93280679899665,0.333333333333333,0,1.33333333333333,0.0427533673333333,"Etude 2"
"133","expert","TC",4.96478273183831,4.10636090880675,4.66110247363425,4.86271958504493,0,0,1,0.053162517,"Etude 2"
"134","expert","TC",5.2702478208382,4.45343046733876,4.96056273231106,5.18358963245353,0.333333333333333,0.333333333333333,1.66666666666667,0.0173189153333333,"Etude 2"
"135","expert","TC",5.24381577306223,3.91585693182288,4.87267866634015,5.03107032360941,0,0.333333333333333,1,0.0442658733333333,"Etude 2"
"136","novice","TC",5.29959518014498,4.67383770636414,4.80890160238207,5.09693433281809,0.333333333333333,0.666666666666667,1.33333333333333,0.0215062473333333,"Etude 2"
"137","expert","TC",5.27253159410315,4.0502766168008,5.15671770806098,5.22411073448521,0,0.333333333333333,1.33333333333333,0.0201674863333333,"Etude 2"
"138","novice","TC",4.87342717596014,3.74468406327689,3.98545641407005,4.49787374185494,0,0,1,0.293796720666667,"Etude 2"
"139","expert","TC",5.58890484806212,4.87773982143067,5.14269286562591,5.36956216504065,0.666666666666667,0,2,0.015977192,"Etude 2"
"140","expert","TC",5.08151472738252,3.47026344696508,4.71676269473954,4.81624793039127,0,0,1,0.01668864,"Etude 2"
"141","expert","TC",5.1739832006919,3.76325324223857,4.85275235887099,4.97941330056014,0.333333333333333,0,1.33333333333333,0.0359406523333333,"Etude 2"
"142","novice","TC",5.22080257804321,4.39024604510922,4.9629924664641,5.16766581224098,0.666666666666667,0,1.33333333333333,0.0190570106666667,"Etude 2"
"143","novice","TC",5.12997438860396,4.27660731057399,4.76373239218734,4.97092307322626,0,0,1,0.0594601433333333,"Etude 2"
"144","novice","TC",5.4203335,4.345718,4.772192,5.050118,2,0,2,0.017848577664032,"Etude 3"
"145","expert","TC",5.0461165,3.6434775,4.339788,4.4195305,0.5,0,1,0.053355309132976,"Etude 3"
"146","novice","TC",5.5434715,4.186727,4.6863545,4.8261385,0,0,1.5,0.011127431343749,"Etude 3"
"147","expert","TC",5.6448505,4.2271865,4.562383,4.7273815,0.5,0,1,0.087835120542856,"Etude 3"
"148","novice","TC",5.1057685,3.764166,4.338356,4.4491195,0,0,1,0.047619047619048,"Etude 3"
"149","expert","TC",5.0623205,3.774356,4.344669,4.4538135,0,0,1,0,"Etude 3"
"150","novice","TC",5.2979985,3.9117235,4.8844385,4.9283915,1,0,1,0.013087605544345,"Etude 3"
"151","novice","TC",5.2906165,4.443169,4.727409,4.914375,2.5,0,3,0.02290858061547,"Etude 3"
"152","novice","TC",5.4829345,4.3653785,4.3924545,4.722077,0.5,1,2,0.045603983562566,"Etude 3"
"153","novice","TC",5.435944,3.949318,4.87212,4.936975,0,0,2,0.006622428842002,"Etude 3"
"154","expert","TC",4.987901,3.685755,4.2847825,4.390932,0.5,0.5,1,0.034487515519382,"Etude 3"
"155","novice","TC",5.248956,4.290012,4.649354,4.806865,1,0,3,0.022420519259226,"Etude 3"
"156","novice","TC",5.4745115,3.98355,4.0755305,4.3354045,0,0,2,0.034731869963879,"Etude 3"
"157","expert","TC",5.2135265,3.295975,4.2496765,4.295704,0,0,1,0.02341043168836,"Etude 3"
"158","expert","TC",5.2744585,3.700685,4.4503355,4.5298725,0,0,1.5,0.037897957019307,"Etude 3"
"159","expert","TC",5.6277775,4.3677785,4.8034185,4.939131,0.5,2,3,0.060753341433779,"Etude 3"
"160","expert","TC",5.316372,4.2702945,4.6467715,4.8150775,2,0,2,0.022801462959892,"Etude 3"
"161","expert","TC",5.3190965,3.8384475,4.436475,4.5749985,0,0,1.5,0.052482504036615,"Etude 3"
"162","expert","TC",5.1962355,4.1700465,4.023042,4.4548955,0,0,1,0.100386866928266,"Etude 3"
"163","novice","TC",5.318724,3.880035,4.0737705,4.2897355,0,0.5,1,0.089038568359496,"Etude 3"
"164","novice","TC",5.2043535,3.8207745,4.8290085,4.8747525,1.5,0.5,2,0.016274413295747,"Etude 3"
"165","novice","TC",5.4265155,3.9686005,4.720374,4.795836,0.5,0,1.5,0.025303379203797,"Etude 3"
"166","novice","TC",5.3227615,3.71573,5.0689315,5.088154,0,0,1.5,0.009063682526391,"Etude 3"
"167","novice","TC",5.7118805,3.9880145,5.2089195,5.3411935,1,0,1,0.009689648874855,"Etude 3"
"168","expert","TC",5.5524665,4.4351695,5.082868,5.1735515,2,0,2.5,0.01283285210138,"Etude 3"
"169","expert","TC",5.15134,3.625566,4.5875365,4.632875,0.5,0,1.5,0.041663194733772,"Etude 3"
"170","expert","TC",5.128049,4.341686,4.1967875,4.5773175,0,0.5,1,0.063636363636364,"Etude 3"
"171","expert","TC",5.4958815,4.1502915,4.9956605,5.05454,0.5,0,1,0.014287018783791,"Etude 3"
"172","novice","TC",5.393647,4.251109,4.7246325,4.855707,0,0,1.5,0.020773794016741,"Etude 3"
"173","expert","TC",5.2712895,4.032173,4.5259265,4.6708075,0,0,1,0.044797957740632,"Etude 3"
"174","novice","TC",5.1419635,3.8982365,4.34743,4.48881,0.5,0,1,0.076022124612746,"Etude 3"
"175","expert","TC",5.408462,3.667496,4.5705085,4.6273205,0.5,0.5,1.5,0.087512123887659,"Etude 3"
"176","novice","TC",5.714941,3.993676,5.284068,5.3067705,0.5,0,1.5,0.009760983168202,"Etude 3"
"177","expert","TC",5.6189135,4.789438,4.6097015,5.212547,1.5,0,3,0.198306134926543,"Etude 3"
"178","novice","TC",5.520571,4.0818385,5.206429,5.240515,0.5,0,1.5,0.010818872035117,"Etude 3"
"179","expert","TC",5.5905795,4.416169,5.021952,5.1331105,2,0,2.5,0.014870094111443,"Etude 3"
"180","expert","TC",5.504382,3.766736,4.3808145,4.482352,0,0,1.5,0.043246073062574,"Etude 3"
"181","novice","TC",5.3109735,3.958153,4.560054,4.6571405,0.5,0,1,0.030755310675461,"Etude 3"
"182","novice","TC",5.213424,4.4074495,4.6521275,4.849057,1,0,2,0.022558328865181,"Etude 3"
"183","novice","TC",5.4030565,4.320925,4.893663,5.0075045,1.5,0,1.5,0.012811885963389,"Etude 3"
"184","novice","TC",5.311594,3.8600775,4.516176,4.603168,0,0,2,0.043998270551725,"Etude 3"
"185","expert","TC",5.2280485,3.6875605,4.0208775,4.187876,0.5,0,1.5,0.135405268595657,"Etude 3"
"186","novice","TR",5.3676835,4.928391,4.6561075,5.114999,2,0.5,3,0.011175681716585,"Etude 3"
"187","expert","TR",5.570399,4.7086975,5.344957,5.435893,2.5,1.5,3.5,0.006959087524444,"Etude 3"
"188","novice","TR",5.5422375,4.3447785,4.912043,5.0182645,2.5,0.5,4,0,"Etude 3"
"189","expert","TR",5.780781,4.082548,5.2096565,5.262808,0.5,0,2.5,0.008082794575433,"Etude 3"
"190","novice","TR",5.32684,4.111878,5.112101,5.155804,1,0,2,0.00387593894621,"Etude 3"
"191","expert","TR",5.1504935,3.7158265,4.4353095,4.5112065,0,0,1,0.015151515151515,"Etude 3"
"192","novice","TR",5.4664215,4.963149,4.643271,5.1385585,1.5,0.5,2.5,0.020832465313945,"Etude 3"
"193","novice","TR",5.4322215,4.839358,4.899409,5.174127,3,0,4.5,0.016646690637901,"Etude 3"
"194","novice","TR",5.451887,4.552665,5.0089165,5.139269,0.5,0.5,2,0,"Etude 3"
"195","novice","TR",5.375215,4.506125,4.52567,5.025586,0.5,0,1.5,0.040650406504065,"Etude 3"
"196","expert","TR",5.2774265,4.1182045,4.8065995,4.8925695,0,0,1.5,0.008772083720767,"Etude 3"
"197","novice","TR",5.309378,4.334671,4.644384,4.8213145,1,1,2,0.052254794377384,"Etude 3"
"198","novice","TR",5.570103,4.5463985,4.079254,4.556278,0.5,0,2,0,"Etude 3"
"199","expert","TR",5.384112,4.1112885,4.779968,4.864579,1,0,2,0.015125160704833,"Etude 3"
"200","expert","TR",5.4762505,4.3821035,4.812422,4.9525265,1.5,1.5,2.5,0.016668333500017,"Etude 3"
"201","expert","TR",5.861922,4.630073,5.3683145,5.4413675,2,2,3,0.010082897936235,"Etude 3"
"202","expert","TR",5.5068965,4.109538,5.116248,5.159518,0.5,0.5,2,0.005181400843532,"Etude 3"
"203","expert","TR",5.480793,4.519318,4.912881,5.0792015,2.5,1,3.5,0,"Etude 3"
"204","expert","TR",5.3436435,4.5254765,4.7358015,4.9468765,1.5,1.5,2.5,0.05435964340074,"Etude 3"
"205","novice","TR",5.748759,4.566056,5.3429445,5.460023,1.5,0.5,2.5,0.002893233883241,"Etude 3"
"206","novice","TR",5.3097925,4.163315,4.8524745,4.965536,1.5,0.5,4.5,0,"Etude 3"
"207","novice","TR",5.5488165,4.613513,4.9877575,5.1824125,0.5,0.5,1.5,0,"Etude 3"
"208","novice","TR",5.1471675,4.3946575,4.857235,4.998731,0.5,0.5,1.5,0.013605257071332,"Etude 3"
"209","novice","TR",5.7906015,4.7522515,5.508649,5.5947865,4,2.5,6,0.00132802124834,"Etude 3"
"210","expert","TR",5.756344,4.4411435,5.1730025,5.286318,0.5,1.5,1.5,0.005890530383356,"Etude 3"
"211","expert","TR",5.2042005,4.0633735,4.828556,4.8978905,0.5,0.5,1.5,0.014843543804493,"Etude 3"
"212","expert","TR",5.5812065,4.651304,5.0888615,5.226631,0.5,0.5,1.5,0.006172763299219,"Etude 3"
"213","expert","TR",5.8378155,4.1875915,5.289816,5.3284975,2,0,3,0.001777436509968,"Etude 3"
"214","novice","TR",5.516862,4.2038725,5.050583,5.114373,1.5,0.5,3,0.006892036252111,"Etude 3"
"215","expert","TR",5.3853945,4.2997515,4.805904,4.936919,0.5,0.5,1.5,0.00926629477937,"Etude 3"
"216","novice","TR",5.4979805,4.18949,5.0930355,5.197959,3,0,1.5,0,"Etude 3"
"217","expert","TR",5.5537035,4.577887,4.9853895,5.135343,2,1,4,0.021396312768326,"Etude 3"
"218","novice","TR",5.078348,4.017993,4.640481,4.733382,1,0,2,0,"Etude 3"
"219","expert","TR",5.5305085,4.3789825,5.137001,5.2082775,3,1.5,4,0,"Etude 3"
"220","novice","TR",5.464673,5.013093,5.055238,5.340575,2,0.5,3,0,"Etude 3"
"221","expert","TR",5.688758,4.841631,5.054488,5.26257,3,0,4,0.018813563948756,"Etude 3"
"222","expert","TR",5.969227,4.746897,5.397705,5.4907935,6,0.5,7.5,0.001565283269313,"Etude 3"
"223","novice","TR",5.1626225,4.016766,4.827134,4.8897605,1,0,2,0,"Etude 3"
"224","novice","TR",5.2650145,4.148201,4.761652,4.8563105,0.5,1,1.5,0,"Etude 3"
"225","novice","TR",5.5468455,5.087576,5.015523,5.3803505,4,5.5,6,0.011211013699859,"Etude 3"
"226","novice","TR",5.5729405,3.866197,5.1095715,5.137215,0,0,1,0.007256156849086,"Etude 3"
"227","expert","TR",5.467199,4.4888515,4.8464995,5.004607,2,2,4,0.018027762754642,"Etude 3"
"228","novice","TI",5.301062,4.4705145,4.8312015,5.017196,1,1.5,3,0,"Etude 3"
"229","expert","TI",5.364428,3.912281,4.977473,5.016568,0.5,0,1.5,0.021298218918591,"Etude 3"
"230","novice","TI",5.6108665,4.7160655,4.8820355,5.1368035,2,1,3.5,0.039362466076135,"Etude 3"
"231","expert","TI",5.73976,4.0127465,5.440502,5.4583465,0,0,1,0.003972647324915,"Etude 3"
"232","novice","TI",5.255544,4.3727365,4.8278745,4.9613775,2.5,0.5,3,0.006395661183453,"Etude 3"
"233","expert","TI",5.320296,4.0178655,4.891418,4.9669405,0.5,1,2.5,0.012861986001401,"Etude 3"
"234","novice","TI",5.458395,4.6673305,5.0318075,5.357745,1.5,1.5,2,0.002085940759282,"Etude 3"
"235","novice","TI",5.696051,5.099147,5.4105525,5.5890955,4.5,1,6,0.007793250714253,"Etude 3"
"236","novice","TI",5.372622,4.409285,4.7296395,4.9347965,0.5,1.5,2,0,"Etude 3"
"237","novice","TI",5.390466,4.004385,4.949354,4.996365,0,0,1,0.008333611120371,"Etude 3"
"238","expert","TI",5.3822395,4.476269,5.026057,5.136015,3,1,3.5,0.027533161511434,"Etude 3"
"239","novice","TI",5.3574235,3.906676,4.803263,4.864305,0.5,0,1.5,0.005574260295659,"Etude 3"
"240","novice","TI",5.476107,4.255297,4.7142265,4.909053,1,0,2,0.027611310747261,"Etude 3"
"241","expert","TI",5.8519185,4.67102,5.4067035,5.517153,3.5,2.5,6,0,"Etude 3"
"242","expert","TI",5.526498,4.2494715,5.1489315,5.210012,1.5,0.5,3.5,0.007142736363706,"Etude 3"
"243","expert","TI",5.5600175,4.1602745,4.952563,5.0199425,2,1.5,4,0.00471907355148,"Etude 3"
"244","expert","TI",5.6387445,4.6554785,5.3167905,5.405674,2,2,4.5,0.00355368552726,"Etude 3"
"245","expert","TI",5.3119805,3.5843795,4.81934,4.844603,0,0,1,0.023563771426274,"Etude 3"
"246","expert","TI",5.501214,4.2606645,5.0517815,5.163831,2,1,3,0.017752364089409,"Etude 3"
"247","novice","TI",5.822132,4.614663,5.249774,5.402843,2.5,1.5,3,0.00193596598895,"Etude 3"
"248","novice","TI",5.3595625,4.3471245,5.0812745,5.162673,2,1,4,0.009594627008875,"Etude 3"
"249","novice","TI",5.578288,4.3038995,5.0362295,5.1133055,0,0.5,1.5,0.006728433687922,"Etude 3"
"250","novice","TI",5.509169,4.7262725,5.040496,5.233515,1.5,2,3,0.01133604785615,"Etude 3"
"251","novice","TI",5.5683765,4.4438905,5.002431,5.110211,3,1,3,0.004153237864239,"Etude 3"
"252","expert","TI",5.783868,4.77461,5.3913245,5.485368,0.5,2.5,3,0.0083607427251,"Etude 3"
"253","expert","TI",5.2861855,3.8869535,4.8536645,4.898703,0.5,0.5,2,0.017420547655349,"Etude 3"
"254","expert","TI",5.7341665,4.1927345,5.378805,5.4119515,1,1,3,0.006111767604841,"Etude 3"
"255","expert","TI",5.745183,4.583969,5.274663,5.3730995,3,1.5,4.5,0.004582615390256,"Etude 3"
"256","novice","TI",5.480752,4.0396585,4.875547,4.953734,0,0.5,1.5,0.020048460608615,"Etude 3"
"257","expert","TI",5.40308,4.249077,4.749552,4.935153,0.5,1.5,2,0.04083447797115,"Etude 3"
"258","novice","TI",5.786471,4.43022,5.643427,5.669227,0,2,2.5,0,"Etude 3"
"259","expert","TI",5.701895,4.104836,5.0478745,5.1187725,0.5,0.5,1.5,0.011287318697443,"Etude 3"
"260","novice","TI",5.9745695,4.9357595,5.6968315,5.7668115,4.5,4,7,0.001447680815334,"Etude 3"
"261","expert","TI",5.5689755,4.0629755,5.209222,5.2544685,1,0.5,2.5,0.00487144262902,"Etude 3"
"262","novice","TI",5.661685,3.8976195,5.1782635,5.2052915,0.5,0,1.5,0.012385080038693,"Etude 3"
"263","expert","TI",5.7192045,4.6499505,5.2714625,5.367043,3.5,0.5,4.5,0.010239808910328,"Etude 3"
"264","expert","TI",5.477555,4.534838,5.075923,5.185732,3,0,3.5,0.008396094137007,"Etude 3"
"265","novice","TI",5.3357725,4.305,4.996529,5.0771645,0.5,0.5,1.5,0.001219384308475,"Etude 3"
"266","novice","TI",5.3352905,4.3549085,4.9170545,5.0360245,2,0,2.5,0,"Etude 3"
"267","novice","TI",5.5238735,4.729612,4.5976985,4.9697875,1,4.5,2.5,0.00916506278068,"Etude 3"
"268","novice","TI",5.6020055,4.449374,5.1922635,5.264687,1.5,0,2.5,0.008292148993333,"Etude 3"
"269","expert","TI",5.427645,4.455505,4.9194135,5.080243,1.5,1.5,3.5,0,"Etude 3"
"270","expert","TC",5.6572175,4.8106785,4.742117,5.079524,2,0.5,2.5,0.029338706099035,"Etude 3"
"271","novice","TC",5.2558005,4.028472,4.5038175,4.646887,1,0,2,0.026836992109924,"Etude 3"
"272","expert","TC",5.2551615,3.9344365,3.9542185,4.351844,1,0.5,1,0.018520576360336,"Etude 3"
"273","novice","TC",5.6593185,4.2271405,5.0945445,5.1766305,0.5,0,1.5,0.003249095127007,"Etude 3"
"274","expert","TC",5.1103165,3.7154765,4.4417735,4.52362,1,0,2,0.084905402250325,"Etude 3"
"275","novice","TC",5.284372,4.2685465,4.726571,4.88648,1,1,1.5,0.007133176403452,"Etude 3"
"276","expert","TC",5.3948895,3.6107075,4.4323665,4.518841,0,0,1,0.117267171914107,"Etude 3"
"277","expert","TC",5.374141,4.3955515,4.824444,4.970835,2.5,0,2.5,0.03171284768094,"Etude 3"
"278","expert","TC",5.3842235,4.078495,4.6676645,4.775034,1.5,0.5,2.5,0.048353863868921,"Etude 3"
"279","expert","TC",5.491996,4.1164625,4.672589,4.794269,0,0,1.5,0.022018970189702,"Etude 3"
"280","novice","TC",5.206485,3.7240955,4.64863,4.698518,1,0,1.5,0.047723460097404,"Etude 3"
"281","expert","TC",5.329862,3.923058,4.6395235,4.71824,0,0,1,0.023287923617946,"Etude 3"
"282","expert","TC",5.5985195,4.282391,4.7477795,4.8799365,0.5,0.5,2,0.035770353714477,"Etude 3"
"283","novice","TC",5.4511035,3.7451505,4.831045,4.877285,0.5,0,1.5,0.044143853331542,"Etude 3"
"284","novice","TC",5.590608,4.0489265,4.910062,4.9940485,1,0.5,3,0.012717978148209,"Etude 3"
"285","novice","TC",5.655142,4.412381,4.908051,5.0285035,2.5,2,4,0.000675865648723,"Etude 3"
"286","novice","TC",5.4978255,3.791242,4.9864205,5.0133495,1,0,2,0.017202996323532,"Etude 3"
"287","novice","TC",5.455904,3.721002,4.5380235,4.6005395,0,0,1,0.04202255614893,"Etude 3"
"288","novice","TC",5.239235,4.3277115,4.095551,4.6086505,0.5,1,1,0.117543067991994,"Etude 3"
"289","expert","TC",5.59662,4.258048,4.6451895,4.8038175,0,0.5,1.5,0.040495832407785,"Etude 3"
"290","expert","TC",5.226731,3.5722875,4.692466,4.728568,0,0,1.5,0.052098523180326,"Etude 3"
"291","expert","TC",5.493006,3.670179,4.65328,4.7011855,0,0,1,0.046017625372301,"Etude 3"
"292","expert","TC",5.4021185,4.0335665,5.2104885,5.2410495,0,0,1,0.009760260516591,"Etude 3"
"293","expert","TC",5.654806,3.895585,4.9503355,5.033512,2,0,3,0.016591967385409,"Etude 3"
"294","novice","TC",5.611209,4.4834695,5.232987,5.3080785,2.5,0,3.5,0.009589902658705,"Etude 3"
"295","novice","TC",5.2902885,3.872756,4.6542415,4.7232025,0.5,0,1.5,0.044013460622205,"Etude 3"
"296","novice","TC",5.662082,4.3011585,5.144541,5.2034165,1.5,1,3,0.020576260372685,"Etude 3"
"297","novice","TC",5.5859695,4.4470095,5.115049,5.2306065,2.5,0,3,0.011992340397023,"Etude 3"
"298","expert","TC",5.388964,3.835398,4.5947685,4.666082,0,0,1,0.082790019066434,"Etude 3"
"299","novice","TC",5.420108,3.824923,4.994802,5.0237765,0.5,0,1.5,0.01138147472601,"Etude 3"
"300","expert","TC",5.3789915,3.4994225,4.548395,4.589478,1,0,2,0.135334169986759,"Etude 3"
"301","novice","TC",5.614585,4.3493125,4.9738205,5.0826165,2,0,2.5,0.029307121126927,"Etude 3"
"302","expert","TC",5.4835915,3.4857185,4.4465115,4.4918045,0,0,1.5,0.284679193318761,"Etude 3"
"303","novice","TC",5.828933,4.563089,5.513368,5.559524,0,1,1,0.003066421761782,"Etude 3"
"304","expert","TC",5.4689515,3.674231,4.810069,4.842099,0.5,0,1.5,0.016706166180182,"Etude 3"
"305","novice","TC",5.769374,4.220528,5.1515685,5.200008,2.5,0,3,0.027889709097049,"Etude 3"
"306","novice","TC",5.3521785,4.247477,4.501636,4.7024915,1,0,1.5,0.012406178276782,"Etude 3"
"307","expert","TC",5.2826275,3.9846125,4.4965535,4.6145775,0,0,1,0.089435757948864,"Etude 3"
"308","expert","TC",5.3081535,3.794148,4.775384,4.826051,0.5,0,1.5,0.022316611875653,"Etude 3"
"309","expert","TC",5.393813,3.97293,4.914442,4.9654465,1.5,0.5,2.5,0.013107187792254,"Etude 3"
"310","expert","TC",5.522207,4.337527,5.160363,5.2882735,0.5,0.5,1.5,0.011283641503185,"Etude 3"
"311","novice","TC",5.35866,4.277009,4.4381545,4.66623,1.5,1,2,0.087460539288141,"Etude 3"
"312","expert","TR",5.580351,4.9506315,5.2020385,5.3956355,7,1.5,8,0.006851098231046,"Etude 3"
"313","novice","TR",5.475442,4.6024015,5.0332555,5.2163395,1.5,0,3,0.021762785636562,"Etude 3"
"314","expert","TR",5.706283,4.794231,4.770779,5.086272,1.5,1,2.5,0.010101214165943,"Etude 3"
"315","novice","TR",5.4755655,4.224402,4.825254,4.9235745,1.5,0.5,2.5,0.018827427796814,"Etude 3"
"316","expert","TR",5.4814915,4.5739575,4.837126,5.046082,4,1,4.5,0.014486035461815,"Etude 3"
"317","novice","TR",5.8759515,4.424975,4.6876365,4.9347915,1.5,1,2.5,0.006953619358876,"Etude 3"
"318","expert","TR",5.4928805,4.902567,4.7178545,5.1907435,2.5,1.5,3,0,"Etude 3"
"319","expert","TR",5.661473,4.3165765,5.206614,5.2595145,0.5,0,1,0.013003901170351,"Etude 3"
"320","expert","TR",5.187741,4.426495,3.740363,4.507842,0,1,1,0,"Etude 3"
"321","expert","TR",5.6125865,4.658339,5.0938725,5.240604,2,0.5,2,0.005020130724204,"Etude 3"
"322","novice","TR",5.679172,4.5259855,5.3121695,5.378014,1.5,0,3,0.005167257210514,"Etude 3"
"323","expert","TR",5.4590485,4.521413,4.688257,4.92151,0.5,0.5,1.5,0.004886009400682,"Etude 3"
"324","expert","TR",5.464041,4.079254,5.027761,5.074096,0,0,1,0,"Etude 3"
"325","novice","TR",5.537183,4.6551185,4.866019,5.1066875,0,0,4.5,0.004948682165939,"Etude 3"
"326","novice","TR",5.6166595,3.993684,4.5354595,4.6451155,1,0,2.5,0.047619047619048,"Etude 3"
"327","novice","TR",5.660626,3.881013,4.6322885,4.765331,0,0,1.5,0,"Etude 3"
"328","novice","TR",5.524831,4.3113905,4.8508145,4.9637235,0,1.5,2,0.004840271055179,"Etude 3"
"329","novice","TR",5.489034,4.0165655,5.013663,5.097578,0,0,1,0.01082254681105,"Etude 3"
"330","novice","TR",5.660041,4.9806925,4.930588,5.257396,2.5,2,3.5,0.010395226511986,"Etude 3"
"331","expert","TR",5.688509,4.849757,5.137727,5.318216,0.5,1,6,0,"Etude 3"
"332","expert","TR",5.5003875,4.560057,4.913673,5.152039,2,0.5,3,0.005509156217634,"Etude 3"
"333","expert","TR",5.595264,4.57083,5.1735325,5.293419,0.5,1,2,0.003287354205841,"Etude 3"
"334","expert","TR",5.5494705,3.5649015,5.366274,5.3732785,0,0,2.5,0.00223712645581,"Etude 3"
"335","expert","TR",5.69055,4.576376,5.221404,5.310054,0,0,1,0.006006150297905,"Etude 3"
"336","novice","TR",5.6021915,4.739137,5.227562,5.351922,0.5,1,1.5,0.008418735280013,"Etude 3"
"337","novice","TR",5.4322515,3.809609,4.8670515,4.9042815,0,0,1,0.004703668861712,"Etude 3"
"338","novice","TR",5.004151,3.5649175,4.271733,4.3514445,0,0,1,0,"Etude 3"
"339","novice","TR",5.398266,4.095957,4.871184,4.9387675,1,0,2,0.013479268884456,"Etude 3"
"340","expert","TR",5.8355545,4.799796,5.408028,5.512329,1,2,2.5,0.00782032195624,"Etude 3"
"341","novice","TR",5.4683255,4.1830015,4.9907675,5.054681,0.5,0,1.5,0.008151155018666,"Etude 3"
"342","expert","TR",5.271207,4.221988,4.221988,4.523018,0,1,2,0,"Etude 3"
"343","novice","TR",5.6485835,3.923782,4.9093335,4.952066,0.5,0,1.5,0.022799817601459,"Etude 3"
"344","expert","TR",5.439489,4.6248745,4.4147425,4.886965,1,2.5,2,0.059529251698988,"Etude 3"
"345","novice","TR",5.9093905,4.735495,5.662321,5.7110585,2.5,0,3.5,0.003728170535857,"Etude 3"
"346","expert","TR",5.6567505,4.2296905,5.179185,5.2695445,1.5,0.5,2.5,0.010581674655831,"Etude 3"
"347","novice","TR",5.937065,4.8084845,5.2461505,5.4113175,3.5,0.5,4.5,0.010427376459017,"Etude 3"
"348","novice","TR",5.538086,4.551581,5.003242,5.137707,0.5,1.5,2.5,0,"Etude 3"
"349","expert","TR",6.094024,4.525728,5.014481,5.159663,0.5,1,2,0.006896361479683,"Etude 3"
"350","expert","TR",5.556653,4.2269855,5.089551,5.1531935,1,0.5,2,0.003873056693804,"Etude 3"
"351","expert","TR",5.440801,4.837522,4.779618,5.112134,2.5,3,2.5,0.015174506828528,"Etude 3"
"352","expert","TR",5.847642,4.308799,5.425001,5.457025,1,0,2,0.007516734129355,"Etude 3"
"353","novice","TR",5.233564,4.6041795,4.5776405,4.8954645,2,0,3,0.016222705298336,"Etude 3"
"354","expert","TI",5.4998865,4.532293,5.197929,5.283089,2.5,0.5,3.5,0.007341186060338,"Etude 3"
"355","novice","TI",5.4297365,4.1875255,5.0477575,5.143007,1,0,2,0.009778340125795,"Etude 3"
"356","expert","TI",5.6330965,4.3447875,4.763169,5.0346805,2.5,1,3,0.028542823014319,"Etude 3"
"357","novice","TI",5.8171345,4.367862,5.5442005,5.590523,1.5,0,2,0.002901182812233,"Etude 3"
"358","expert","TI",5.4412345,4.2825995,5.1391645,5.197682,1,0,2,0,"Etude 3"
"359","novice","TI",5.3885775,4.3258625,4.8299895,4.9790015,2.5,1.5,4.5,0.014367816091954,"Etude 3"
"360","expert","TI",5.6734995,3.826447,4.931002,4.9785695,1.5,0,2.5,0.011899366218708,"Etude 3"
"361","expert","TI",5.6314815,4.8099285,5.351367,5.46769,4,0.5,5,0.002259948292383,"Etude 3"
"362","expert","TI",5.365928,3.5904215,4.8190685,4.8478755,0,0,1,0.015610365282548,"Etude 3"
"363","expert","TI",5.4705215,3.4877885,4.9810235,4.9962005,0,0,1,0.006711409395973,"Etude 3"
"364","novice","TI",5.4493505,3.7817035,4.722881,4.7945065,0.5,0,1.5,0.003224454261116,"Etude 3"
"365","expert","TI",5.5007295,4.648796,5.0351125,5.187786,3.5,1.5,4.5,0.005814561989045,"Etude 3"
"366","expert","TI",5.9385745,4.7142265,5.412004,5.4931745,1.5,1,2.5,0.00572637357741,"Etude 3"
"367","novice","TI",5.6172305,4.445517,5.1216015,5.2563585,2,0.5,3,0.001037090504814,"Etude 3"
"368","novice","TI",5.4405675,4.081377,4.0679955,4.4229905,1,0.5,2,0.005483658697083,"Etude 3"
"369","novice","TI",5.606476,4.136206,4.8135255,4.8984285,0.5,1.5,2.5,0.002576748452663,"Etude 3"
"370","novice","TI",5.6085265,4.7304015,4.9363635,5.183276,0.5,2.5,3.5,0.004832505364081,"Etude 3"
"371","novice","TI",5.471789,3.6597555,5.002159,5.0311175,0,0,1,0.013454195630509,"Etude 3"
"372","novice","TI",5.1760735,4.3550465,4.6627405,4.836633,0,0,1,0.008507307777381,"Etude 3"
"373","expert","TI",5.4021625,4.050149,5.125772,5.1663505,1.5,0.5,1.5,0.016407955453341,"Etude 3"
"374","expert","TI",5.2950725,4.04647,4.8051205,4.8771625,1,0,2,0.015753930709182,"Etude 3"
"375","expert","TI",5.6020235,4.4165535,5.150263,5.223861,1.5,0.5,2,0.007282774448697,"Etude 3"
"376","expert","TI",5.447485,4.26658,5.2121655,5.2771615,0.5,0.5,1.5,0,"Etude 3"
"377","expert","TI",5.4186945,4.3921785,4.467478,4.9888005,2,0.5,2.5,0.002612357495899,"Etude 3"
"378","novice","TI",5.7497835,4.1935015,5.255281,5.2930165,0.5,0,1.5,0.005562724915764,"Etude 3"
"379","novice","TI",5.300297,4.435985,4.896131,5.031045,1.5,0,2.5,0.004694879764129,"Etude 3"
"380","novice","TI",5.405741,3.9117565,5.005169,5.0403535,0.5,0,1.5,0.004901912726346,"Etude 3"
"381","novice","TI",5.5952065,4.550579,5.247911,5.3291245,0,1.5,1.5,0.001477440954072,"Etude 3"
"382","expert","TI",5.6215465,4.0728835,4.9227785,4.981114,1,0.5,2,0.042854696463738,"Etude 3"
"383","novice","TI",5.3554525,3.835366,5.0390525,5.0678675,0,0,1,0.002920475453404,"Etude 3"
"384","expert","TI",5.247821,3.6208645,3.901219,4.1044845,0,0,1,0,"Etude 3"
"385","novice","TI",5.795403,4.217711,5.3314665,5.363777,1,0.5,2,0.003369839932603,"Etude 3"
"386","expert","TI",5.7078265,4.3525515,5.248544,5.324661,1.5,0.5,4.5,0.016282770372674,"Etude 3"
"387","novice","TI",5.1574515,4.426985,4.464164,4.7528855,2.5,1.5,3.5,0.004423447812163,"Etude 3"
"388","expert","TI",5.7024855,3.6847285,5.2881595,5.300734,0,0,1,0.002514078841512,"Etude 3"
"389","novice","TI",5.6140935,3.984357,5.022151,5.0728305,0.5,0,1.5,0.009590098771117,"Etude 3"
"390","novice","TI",5.203952,4.0968725,4.448203,4.619612,1.5,0.5,2.5,0,"Etude 3"
"391","expert","TI",5.3503515,3.6275275,4.6683985,4.739373,1,0,2,0.03347678884007,"Etude 3"
"392","expert","TI",5.3911675,4.602644,4.8339325,5.048758,2.5,0,3.5,0.015748074117563,"Etude 3"
"393","expert","TI",5.63019,4.319292,4.9052935,5.121156,0.5,2,2.5,0.003912363067293,"Etude 3"
"394","expert","TI",5.469363,4.0355965,4.806401,4.880795,1,0,2,0.022223209920441,"Etude 3"
"395","novice","TI",5.463328,4.1868445,4.8890205,4.9677375,2,0.5,3.5,0,"Etude 3"
